model_id,task_id,item_id,shot,dual_total
Baichuan2-7B-Chat,continuation,CON-002,0,58.825
Baichuan2-7B-Chat,continuation,CON-002,1,68.25
Baichuan2-7B-Chat,continuation,CON-002,3,80.45
Baichuan2-7B-Chat,continuation,CON-006,0,46.025
Baichuan2-7B-Chat,continuation,CON-006,1,59.0
Baichuan2-7B-Chat,continuation,CON-006,3,70.775
Baichuan2-7B-Chat,continuation,CON-007,0,44.0
Baichuan2-7B-Chat,continuation,CON-007,1,71.975
Baichuan2-7B-Chat,continuation,CON-007,3,54.0
Baichuan2-7B-Chat,continuation,CON-014,0,22.125
Baichuan2-7B-Chat,continuation,CON-014,1,79.075
Baichuan2-7B-Chat,continuation,CON-014,3,78.0
Baichuan2-7B-Chat,continuation,CON-019,0,43.125
Baichuan2-7B-Chat,continuation,CON-019,1,58.075
Baichuan2-7B-Chat,continuation,CON-019,3,67.375
Baichuan2-7B-Chat,continuation,CON-025,0,46.125
Baichuan2-7B-Chat,continuation,CON-025,1,78.15
Baichuan2-7B-Chat,continuation,CON-025,3,76.57499999999999
Baichuan2-7B-Chat,continuation,CON-027,0,57.1
Baichuan2-7B-Chat,continuation,CON-027,1,76.525
Baichuan2-7B-Chat,continuation,CON-027,3,69.625
Baichuan2-7B-Chat,continuation,CON-032,0,47.65
Baichuan2-7B-Chat,continuation,CON-032,1,58.725
Baichuan2-7B-Chat,continuation,CON-032,3,77.625
Baichuan2-7B-Chat,continuation,CON-036,0,31.5
Baichuan2-7B-Chat,continuation,CON-036,1,50.875
Baichuan2-7B-Chat,continuation,CON-036,3,64.075
Baichuan2-7B-Chat,continuation,CON-040,0,42.875
Baichuan2-7B-Chat,continuation,CON-040,1,69.475
Baichuan2-7B-Chat,continuation,CON-040,3,72.225
Baichuan2-7B-Chat,continuation,CON-044,0,43.4
Baichuan2-7B-Chat,continuation,CON-044,1,64.775
Baichuan2-7B-Chat,continuation,CON-044,3,73.35
Baichuan2-7B-Chat,continuation,CON-046,0,44.625
Baichuan2-7B-Chat,continuation,CON-046,1,70.625
Baichuan2-7B-Chat,continuation,CON-046,3,66.025
Baichuan2-7B-Chat,continuation,CON-047,0,41.25
Baichuan2-7B-Chat,continuation,CON-047,1,77.975
Baichuan2-7B-Chat,continuation,CON-047,3,71.6
Baichuan2-7B-Chat,continuation,CON-053,0,36.6
Baichuan2-7B-Chat,continuation,CON-053,1,70.475
Baichuan2-7B-Chat,continuation,CON-053,3,56.5
Baichuan2-7B-Chat,continuation,CON-063,0,31.25
Baichuan2-7B-Chat,continuation,CON-063,1,76.825
Baichuan2-7B-Chat,continuation,CON-063,3,78.375
Baichuan2-7B-Chat,continuation,CON-064,0,43.025
Baichuan2-7B-Chat,continuation,CON-064,1,68.125
Baichuan2-7B-Chat,continuation,CON-064,3,55.0
Baichuan2-7B-Chat,continuation,CON-066,0,50.425
Baichuan2-7B-Chat,continuation,CON-066,1,81.65
Baichuan2-7B-Chat,continuation,CON-066,3,76.45
Baichuan2-7B-Chat,continuation,CON-073,0,26.625
Baichuan2-7B-Chat,continuation,CON-073,1,55.65
Baichuan2-7B-Chat,continuation,CON-073,3,66.8
Baichuan2-7B-Chat,continuation,CON-080,0,52.275
Baichuan2-7B-Chat,continuation,CON-080,1,62.675
Baichuan2-7B-Chat,continuation,CON-080,3,52.875
Baichuan2-7B-Chat,continuation,CON-081,0,41.375
Baichuan2-7B-Chat,continuation,CON-081,1,68.35
Baichuan2-7B-Chat,continuation,CON-081,3,73.225
Baichuan2-7B-Chat,continuation,CON-084,0,52.25
Baichuan2-7B-Chat,continuation,CON-084,1,64.55
Baichuan2-7B-Chat,continuation,CON-084,3,76.2
Baichuan2-7B-Chat,continuation,CON-087,0,20.5
Baichuan2-7B-Chat,continuation,CON-087,1,57.375
Baichuan2-7B-Chat,continuation,CON-087,3,60.7
Baichuan2-7B-Chat,continuation,CON-093,0,39.025
Baichuan2-7B-Chat,continuation,CON-093,1,48.125
Baichuan2-7B-Chat,continuation,CON-093,3,70.05000000000001
Baichuan2-7B-Chat,continuation,CON-100,0,57.3
Baichuan2-7B-Chat,continuation,CON-100,1,80.075
Baichuan2-7B-Chat,continuation,CON-100,3,68.775
Baichuan2-7B-Chat,rewriting,REW-003,0,72.45
Baichuan2-7B-Chat,rewriting,REW-003,1,67.15
Baichuan2-7B-Chat,rewriting,REW-003,3,69.80000000000001
Baichuan2-7B-Chat,rewriting,REW-008,0,59.45
Baichuan2-7B-Chat,rewriting,REW-008,1,59.35
Baichuan2-7B-Chat,rewriting,REW-008,3,66.25
Baichuan2-7B-Chat,rewriting,REW-010,0,48.35
Baichuan2-7B-Chat,rewriting,REW-010,1,56.7
Baichuan2-7B-Chat,rewriting,REW-010,3,59.1
Baichuan2-7B-Chat,rewriting,REW-014,0,67.9
Baichuan2-7B-Chat,rewriting,REW-014,1,69.65
Baichuan2-7B-Chat,rewriting,REW-014,3,69.75
Baichuan2-7B-Chat,rewriting,REW-019,0,64.15
Baichuan2-7B-Chat,rewriting,REW-019,1,61.6
Baichuan2-7B-Chat,rewriting,REW-019,3,66.0
Baichuan2-7B-Chat,rewriting,REW-022,0,59.0
Baichuan2-7B-Chat,rewriting,REW-022,1,68.95
Baichuan2-7B-Chat,rewriting,REW-022,3,71.3
Baichuan2-7B-Chat,rewriting,REW-028,0,61.25
Baichuan2-7B-Chat,rewriting,REW-028,1,51.9
Baichuan2-7B-Chat,rewriting,REW-028,3,60.05
Baichuan2-7B-Chat,rewriting,REW-032,0,63.1
Baichuan2-7B-Chat,rewriting,REW-032,1,54.95
Baichuan2-7B-Chat,rewriting,REW-032,3,55.65
Baichuan2-7B-Chat,rewriting,REW-034,0,66.4
Baichuan2-7B-Chat,rewriting,REW-034,1,64.95
Baichuan2-7B-Chat,rewriting,REW-034,3,72.65
Baichuan2-7B-Chat,rewriting,REW-044,0,54.2
Baichuan2-7B-Chat,rewriting,REW-044,1,42.25
Baichuan2-7B-Chat,rewriting,REW-044,3,59.75
Baichuan2-7B-Chat,rewriting,REW-047,0,72.35
Baichuan2-7B-Chat,rewriting,REW-047,1,53.1
Baichuan2-7B-Chat,rewriting,REW-047,3,67.85
Baichuan2-7B-Chat,rewriting,REW-049,0,46.75
Baichuan2-7B-Chat,rewriting,REW-049,1,73.1
Baichuan2-7B-Chat,rewriting,REW-049,3,62.4
Baichuan2-7B-Chat,rewriting,REW-055,0,49.05
Baichuan2-7B-Chat,rewriting,REW-055,1,68.55
Baichuan2-7B-Chat,rewriting,REW-055,3,61.4
Baichuan2-7B-Chat,rewriting,REW-059,0,64.55
Baichuan2-7B-Chat,rewriting,REW-059,1,59.35
Baichuan2-7B-Chat,rewriting,REW-059,3,68.0
Baichuan2-7B-Chat,rewriting,REW-064,0,56.25
Baichuan2-7B-Chat,rewriting,REW-064,1,45.0
Baichuan2-7B-Chat,rewriting,REW-064,3,55.95
Baichuan2-7B-Chat,rewriting,REW-066,0,68.35
Baichuan2-7B-Chat,rewriting,REW-066,1,66.2
Baichuan2-7B-Chat,rewriting,REW-066,3,73.25
Baichuan2-7B-Chat,rewriting,REW-070,0,55.9
Baichuan2-7B-Chat,rewriting,REW-070,1,56.55
Baichuan2-7B-Chat,rewriting,REW-070,3,69.4
Baichuan2-7B-Chat,rewriting,REW-073,0,67.85
Baichuan2-7B-Chat,rewriting,REW-073,1,49.150000000000006
Baichuan2-7B-Chat,rewriting,REW-073,3,80.1
Baichuan2-7B-Chat,rewriting,REW-077,0,58.650000000000006
Baichuan2-7B-Chat,rewriting,REW-077,1,56.95
Baichuan2-7B-Chat,rewriting,REW-077,3,66.4
Baichuan2-7B-Chat,rewriting,REW-081,0,66.25
Baichuan2-7B-Chat,rewriting,REW-081,1,63.15
Baichuan2-7B-Chat,rewriting,REW-081,3,72.25
Baichuan2-7B-Chat,rewriting,REW-088,0,62.25
Baichuan2-7B-Chat,rewriting,REW-088,1,60.25
Baichuan2-7B-Chat,rewriting,REW-088,3,53.6
Baichuan2-7B-Chat,rewriting,REW-091,0,70.75
Baichuan2-7B-Chat,rewriting,REW-091,1,64.15
Baichuan2-7B-Chat,rewriting,REW-091,3,72.35
Baichuan2-7B-Chat,rewriting,REW-093,0,59.75
Baichuan2-7B-Chat,rewriting,REW-093,1,69.1
Baichuan2-7B-Chat,rewriting,REW-093,3,44.25
Baichuan2-7B-Chat,rewriting,REW-097,0,61.55
Baichuan2-7B-Chat,rewriting,REW-097,1,66.95
Baichuan2-7B-Chat,rewriting,REW-097,3,67.2
Baichuan2-7B-Chat,story_generation,GEN-002,0,62.175
Baichuan2-7B-Chat,story_generation,GEN-002,1,58.225
Baichuan2-7B-Chat,story_generation,GEN-002,3,63.95
Baichuan2-7B-Chat,story_generation,GEN-006,0,59.474999999999994
Baichuan2-7B-Chat,story_generation,GEN-006,1,53.974999999999994
Baichuan2-7B-Chat,story_generation,GEN-006,3,60.15
Baichuan2-7B-Chat,story_generation,GEN-007,0,58.75
Baichuan2-7B-Chat,story_generation,GEN-007,1,48.925
Baichuan2-7B-Chat,story_generation,GEN-007,3,65.225
Baichuan2-7B-Chat,story_generation,GEN-014,0,56.275
Baichuan2-7B-Chat,story_generation,GEN-014,1,64.45
Baichuan2-7B-Chat,story_generation,GEN-014,3,63.725
Baichuan2-7B-Chat,story_generation,GEN-019,0,34.625
Baichuan2-7B-Chat,story_generation,GEN-019,1,65.175
Baichuan2-7B-Chat,story_generation,GEN-019,3,64.4
Baichuan2-7B-Chat,story_generation,GEN-025,0,47.25
Baichuan2-7B-Chat,story_generation,GEN-025,1,63.3
Baichuan2-7B-Chat,story_generation,GEN-025,3,62.8
Baichuan2-7B-Chat,story_generation,GEN-027,0,50.125
Baichuan2-7B-Chat,story_generation,GEN-027,1,51.0
Baichuan2-7B-Chat,story_generation,GEN-027,3,46.45
Baichuan2-7B-Chat,story_generation,GEN-032,0,46.25
Baichuan2-7B-Chat,story_generation,GEN-032,1,61.625
Baichuan2-7B-Chat,story_generation,GEN-032,3,56.375
Baichuan2-7B-Chat,story_generation,GEN-036,0,34.25
Baichuan2-7B-Chat,story_generation,GEN-036,1,39.5
Baichuan2-7B-Chat,story_generation,GEN-036,3,57.0
Baichuan2-7B-Chat,story_generation,GEN-040,0,59.1
Baichuan2-7B-Chat,story_generation,GEN-040,1,63.05
Baichuan2-7B-Chat,story_generation,GEN-040,3,62.525
Baichuan2-7B-Chat,story_generation,GEN-044,0,57.6
Baichuan2-7B-Chat,story_generation,GEN-044,1,58.0
Baichuan2-7B-Chat,story_generation,GEN-044,3,41.6
Baichuan2-7B-Chat,story_generation,GEN-046,0,64.0
Baichuan2-7B-Chat,story_generation,GEN-046,1,59.3
Baichuan2-7B-Chat,story_generation,GEN-046,3,64.95
Baichuan2-7B-Chat,story_generation,GEN-047,0,60.4
Baichuan2-7B-Chat,story_generation,GEN-047,1,49.625
Baichuan2-7B-Chat,story_generation,GEN-047,3,67.925
Baichuan2-7B-Chat,story_generation,GEN-053,0,44.375
Baichuan2-7B-Chat,story_generation,GEN-053,1,55.900000000000006
Baichuan2-7B-Chat,story_generation,GEN-053,3,56.65
Baichuan2-7B-Chat,story_generation,GEN-063,0,60.475
Baichuan2-7B-Chat,story_generation,GEN-063,1,62.125
Baichuan2-7B-Chat,story_generation,GEN-063,3,63.5
Baichuan2-7B-Chat,story_generation,GEN-064,0,57.725
Baichuan2-7B-Chat,story_generation,GEN-064,1,53.0
Baichuan2-7B-Chat,story_generation,GEN-064,3,65.25
Baichuan2-7B-Chat,story_generation,GEN-066,0,61.150000000000006
Baichuan2-7B-Chat,story_generation,GEN-066,1,54.725
Baichuan2-7B-Chat,story_generation,GEN-066,3,60.375
Baichuan2-7B-Chat,story_generation,GEN-073,0,37.425
Baichuan2-7B-Chat,story_generation,GEN-073,1,60.35
Baichuan2-7B-Chat,story_generation,GEN-073,3,56.0
Baichuan2-7B-Chat,story_generation,GEN-080,0,59.45
Baichuan2-7B-Chat,story_generation,GEN-080,1,46.375
Baichuan2-7B-Chat,story_generation,GEN-080,3,70.6
Baichuan2-7B-Chat,story_generation,GEN-081,0,54.25
Baichuan2-7B-Chat,story_generation,GEN-081,1,56.4
Baichuan2-7B-Chat,story_generation,GEN-081,3,60.125
Baichuan2-7B-Chat,story_generation,GEN-084,0,37.625
Baichuan2-7B-Chat,story_generation,GEN-084,1,61.0
Baichuan2-7B-Chat,story_generation,GEN-084,3,78.075
Baichuan2-7B-Chat,story_generation,GEN-087,0,53.65
Baichuan2-7B-Chat,story_generation,GEN-087,1,56.375
Baichuan2-7B-Chat,story_generation,GEN-087,3,58.2
Baichuan2-7B-Chat,story_generation,GEN-093,0,57.975
Baichuan2-7B-Chat,story_generation,GEN-093,1,62.1
Baichuan2-7B-Chat,story_generation,GEN-093,3,63.775
Baichuan2-7B-Chat,story_generation,GEN-100,0,55.75
Baichuan2-7B-Chat,story_generation,GEN-100,1,50.1
Baichuan2-7B-Chat,story_generation,GEN-100,3,57.95
DeepSeek-R1-Distill-Qwen-32B,continuation,CON-002,0,80.475
DeepSeek-R1-Distill-Qwen-32B,continuation,CON-002,1,81.075
DeepSeek-R1-Distill-Qwen-32B,continuation,CON-002,3,79.85
DeepSeek-R1-Distill-Qwen-32B,continuation,CON-006,0,67.3
DeepSeek-R1-Distill-Qwen-32B,continuation,CON-006,1,78.875
DeepSeek-R1-Distill-Qwen-32B,continuation,CON-006,3,83.35
DeepSeek-R1-Distill-Qwen-32B,continuation,CON-007,0,79.55
DeepSeek-R1-Distill-Qwen-32B,continuation,CON-007,1,75.2
DeepSeek-R1-Distill-Qwen-32B,continuation,CON-007,3,79.925
DeepSeek-R1-Distill-Qwen-32B,continuation,CON-014,0,74.7
DeepSeek-R1-Distill-Qwen-32B,continuation,CON-014,1,87.675
DeepSeek-R1-Distill-Qwen-32B,continuation,CON-014,3,78.725
DeepSeek-R1-Distill-Qwen-32B,continuation,CON-019,0,85.475
DeepSeek-R1-Distill-Qwen-32B,continuation,CON-019,1,87.275
DeepSeek-R1-Distill-Qwen-32B,continuation,CON-019,3,87.975
DeepSeek-R1-Distill-Qwen-32B,continuation,CON-025,0,78.975
DeepSeek-R1-Distill-Qwen-32B,continuation,CON-025,1,86.25
DeepSeek-R1-Distill-Qwen-32B,continuation,CON-025,3,81.525
DeepSeek-R1-Distill-Qwen-32B,continuation,CON-027,0,71.5
DeepSeek-R1-Distill-Qwen-32B,continuation,CON-027,1,83.82499999999999
DeepSeek-R1-Distill-Qwen-32B,continuation,CON-027,3,87.15
DeepSeek-R1-Distill-Qwen-32B,continuation,CON-032,0,69.9
DeepSeek-R1-Distill-Qwen-32B,continuation,CON-032,1,81.725
DeepSeek-R1-Distill-Qwen-32B,continuation,CON-032,3,86.225
DeepSeek-R1-Distill-Qwen-32B,continuation,CON-036,0,75.42500000000001
DeepSeek-R1-Distill-Qwen-32B,continuation,CON-036,1,76.3
DeepSeek-R1-Distill-Qwen-32B,continuation,CON-036,3,76.19999999999999
DeepSeek-R1-Distill-Qwen-32B,continuation,CON-040,0,82.94999999999999
DeepSeek-R1-Distill-Qwen-32B,continuation,CON-040,1,81.475
DeepSeek-R1-Distill-Qwen-32B,continuation,CON-040,3,82.95
DeepSeek-R1-Distill-Qwen-32B,continuation,CON-044,0,51.5
DeepSeek-R1-Distill-Qwen-32B,continuation,CON-044,1,66.1
DeepSeek-R1-Distill-Qwen-32B,continuation,CON-044,3,79.19999999999999
DeepSeek-R1-Distill-Qwen-32B,continuation,CON-046,0,71.325
DeepSeek-R1-Distill-Qwen-32B,continuation,CON-046,1,83.375
DeepSeek-R1-Distill-Qwen-32B,continuation,CON-046,3,82.325
DeepSeek-R1-Distill-Qwen-32B,continuation,CON-047,0,87.725
DeepSeek-R1-Distill-Qwen-32B,continuation,CON-047,1,88.725
DeepSeek-R1-Distill-Qwen-32B,continuation,CON-047,3,83.95
DeepSeek-R1-Distill-Qwen-32B,continuation,CON-053,0,51.125
DeepSeek-R1-Distill-Qwen-32B,continuation,CON-053,1,82.125
DeepSeek-R1-Distill-Qwen-32B,continuation,CON-053,3,90.975
DeepSeek-R1-Distill-Qwen-32B,continuation,CON-063,0,83.775
DeepSeek-R1-Distill-Qwen-32B,continuation,CON-063,1,77.675
DeepSeek-R1-Distill-Qwen-32B,continuation,CON-063,3,79.65
DeepSeek-R1-Distill-Qwen-32B,continuation,CON-064,0,73.575
DeepSeek-R1-Distill-Qwen-32B,continuation,CON-064,1,69.45
DeepSeek-R1-Distill-Qwen-32B,continuation,CON-064,3,73.925
DeepSeek-R1-Distill-Qwen-32B,continuation,CON-066,0,76.375
DeepSeek-R1-Distill-Qwen-32B,continuation,CON-066,1,84.05
DeepSeek-R1-Distill-Qwen-32B,continuation,CON-066,3,82.525
DeepSeek-R1-Distill-Qwen-32B,continuation,CON-073,0,52.2
DeepSeek-R1-Distill-Qwen-32B,continuation,CON-073,1,77.925
DeepSeek-R1-Distill-Qwen-32B,continuation,CON-073,3,85.05000000000001
DeepSeek-R1-Distill-Qwen-32B,continuation,CON-080,0,83.825
DeepSeek-R1-Distill-Qwen-32B,continuation,CON-080,1,83.475
DeepSeek-R1-Distill-Qwen-32B,continuation,CON-080,3,80.275
DeepSeek-R1-Distill-Qwen-32B,continuation,CON-081,0,83.9
DeepSeek-R1-Distill-Qwen-32B,continuation,CON-081,1,79.825
DeepSeek-R1-Distill-Qwen-32B,continuation,CON-081,3,81.425
DeepSeek-R1-Distill-Qwen-32B,continuation,CON-084,0,77.775
DeepSeek-R1-Distill-Qwen-32B,continuation,CON-084,1,83.725
DeepSeek-R1-Distill-Qwen-32B,continuation,CON-084,3,85.425
DeepSeek-R1-Distill-Qwen-32B,continuation,CON-087,0,59.525
DeepSeek-R1-Distill-Qwen-32B,continuation,CON-087,1,82.35
DeepSeek-R1-Distill-Qwen-32B,continuation,CON-087,3,85.625
DeepSeek-R1-Distill-Qwen-32B,continuation,CON-093,0,83.7
DeepSeek-R1-Distill-Qwen-32B,continuation,CON-093,1,67.3
DeepSeek-R1-Distill-Qwen-32B,continuation,CON-093,3,87.94999999999999
DeepSeek-R1-Distill-Qwen-32B,continuation,CON-100,0,46.2
DeepSeek-R1-Distill-Qwen-32B,continuation,CON-100,1,84.925
DeepSeek-R1-Distill-Qwen-32B,continuation,CON-100,3,85.275
DeepSeek-R1-Distill-Qwen-32B,rewriting,REW-003,0,84.05000000000001
DeepSeek-R1-Distill-Qwen-32B,rewriting,REW-003,1,80.05000000000001
DeepSeek-R1-Distill-Qwen-32B,rewriting,REW-003,3,76.65
DeepSeek-R1-Distill-Qwen-32B,rewriting,REW-008,0,78.4
DeepSeek-R1-Distill-Qwen-32B,rewriting,REW-008,1,83.4
DeepSeek-R1-Distill-Qwen-32B,rewriting,REW-008,3,76.2
DeepSeek-R1-Distill-Qwen-32B,rewriting,REW-010,0,77.8
DeepSeek-R1-Distill-Qwen-32B,rewriting,REW-010,1,71.15
DeepSeek-R1-Distill-Qwen-32B,rewriting,REW-010,3,63.85
DeepSeek-R1-Distill-Qwen-32B,rewriting,REW-014,0,77.4
DeepSeek-R1-Distill-Qwen-32B,rewriting,REW-014,1,85.5
DeepSeek-R1-Distill-Qwen-32B,rewriting,REW-014,3,83.1
DeepSeek-R1-Distill-Qwen-32B,rewriting,REW-019,0,60.75
DeepSeek-R1-Distill-Qwen-32B,rewriting,REW-019,1,70.25
DeepSeek-R1-Distill-Qwen-32B,rewriting,REW-019,3,79.55000000000001
DeepSeek-R1-Distill-Qwen-32B,rewriting,REW-022,0,73.15
DeepSeek-R1-Distill-Qwen-32B,rewriting,REW-022,1,75.95
DeepSeek-R1-Distill-Qwen-32B,rewriting,REW-022,3,72.0
DeepSeek-R1-Distill-Qwen-32B,rewriting,REW-028,0,64.75
DeepSeek-R1-Distill-Qwen-32B,rewriting,REW-028,1,70.85
DeepSeek-R1-Distill-Qwen-32B,rewriting,REW-028,3,73.45
DeepSeek-R1-Distill-Qwen-32B,rewriting,REW-032,0,71.9
DeepSeek-R1-Distill-Qwen-32B,rewriting,REW-032,1,67.95
DeepSeek-R1-Distill-Qwen-32B,rewriting,REW-032,3,61.95
DeepSeek-R1-Distill-Qwen-32B,rewriting,REW-034,0,78.05
DeepSeek-R1-Distill-Qwen-32B,rewriting,REW-034,1,83.9
DeepSeek-R1-Distill-Qwen-32B,rewriting,REW-034,3,77.65
DeepSeek-R1-Distill-Qwen-32B,rewriting,REW-044,0,74.2
DeepSeek-R1-Distill-Qwen-32B,rewriting,REW-044,1,77.94999999999999
DeepSeek-R1-Distill-Qwen-32B,rewriting,REW-044,3,80.25
DeepSeek-R1-Distill-Qwen-32B,rewriting,REW-047,0,61.75
DeepSeek-R1-Distill-Qwen-32B,rewriting,REW-047,1,60.15
DeepSeek-R1-Distill-Qwen-32B,rewriting,REW-047,3,62.8
DeepSeek-R1-Distill-Qwen-32B,rewriting,REW-049,0,76.05
DeepSeek-R1-Distill-Qwen-32B,rewriting,REW-049,1,76.15
DeepSeek-R1-Distill-Qwen-32B,rewriting,REW-049,3,76.65
DeepSeek-R1-Distill-Qwen-32B,rewriting,REW-055,0,59.7
DeepSeek-R1-Distill-Qwen-32B,rewriting,REW-055,1,65.75
DeepSeek-R1-Distill-Qwen-32B,rewriting,REW-055,3,62.65
DeepSeek-R1-Distill-Qwen-32B,rewriting,REW-059,0,73.15
DeepSeek-R1-Distill-Qwen-32B,rewriting,REW-059,1,70.6
DeepSeek-R1-Distill-Qwen-32B,rewriting,REW-059,3,75.55
DeepSeek-R1-Distill-Qwen-32B,rewriting,REW-064,0,60.5
DeepSeek-R1-Distill-Qwen-32B,rewriting,REW-064,1,79.2
DeepSeek-R1-Distill-Qwen-32B,rewriting,REW-064,3,84.6
DeepSeek-R1-Distill-Qwen-32B,rewriting,REW-066,0,76.4
DeepSeek-R1-Distill-Qwen-32B,rewriting,REW-066,1,77.9
DeepSeek-R1-Distill-Qwen-32B,rewriting,REW-066,3,84.0
DeepSeek-R1-Distill-Qwen-32B,rewriting,REW-070,0,74.7
DeepSeek-R1-Distill-Qwen-32B,rewriting,REW-070,1,56.55
DeepSeek-R1-Distill-Qwen-32B,rewriting,REW-070,3,79.85
DeepSeek-R1-Distill-Qwen-32B,rewriting,REW-073,0,74.3
DeepSeek-R1-Distill-Qwen-32B,rewriting,REW-073,1,77.15
DeepSeek-R1-Distill-Qwen-32B,rewriting,REW-073,3,85.3
DeepSeek-R1-Distill-Qwen-32B,rewriting,REW-077,0,68.65
DeepSeek-R1-Distill-Qwen-32B,rewriting,REW-077,1,76.05000000000001
DeepSeek-R1-Distill-Qwen-32B,rewriting,REW-077,3,81.4
DeepSeek-R1-Distill-Qwen-32B,rewriting,REW-081,0,72.95
DeepSeek-R1-Distill-Qwen-32B,rewriting,REW-081,1,71.1
DeepSeek-R1-Distill-Qwen-32B,rewriting,REW-081,3,69.35
DeepSeek-R1-Distill-Qwen-32B,rewriting,REW-088,0,70.8
DeepSeek-R1-Distill-Qwen-32B,rewriting,REW-088,1,74.45
DeepSeek-R1-Distill-Qwen-32B,rewriting,REW-088,3,80.45
DeepSeek-R1-Distill-Qwen-32B,rewriting,REW-091,0,78.35
DeepSeek-R1-Distill-Qwen-32B,rewriting,REW-091,1,72.25
DeepSeek-R1-Distill-Qwen-32B,rewriting,REW-091,3,77.4
DeepSeek-R1-Distill-Qwen-32B,rewriting,REW-093,0,71.85
DeepSeek-R1-Distill-Qwen-32B,rewriting,REW-093,1,85.2
DeepSeek-R1-Distill-Qwen-32B,rewriting,REW-093,3,78.15
DeepSeek-R1-Distill-Qwen-32B,rewriting,REW-097,0,83.6
DeepSeek-R1-Distill-Qwen-32B,rewriting,REW-097,1,70.75
DeepSeek-R1-Distill-Qwen-32B,rewriting,REW-097,3,86.85
DeepSeek-R1-Distill-Qwen-32B,story_generation,GEN-002,0,77.825
DeepSeek-R1-Distill-Qwen-32B,story_generation,GEN-002,1,73.775
DeepSeek-R1-Distill-Qwen-32B,story_generation,GEN-002,3,81.75
DeepSeek-R1-Distill-Qwen-32B,story_generation,GEN-006,0,69.375
DeepSeek-R1-Distill-Qwen-32B,story_generation,GEN-006,1,77.55
DeepSeek-R1-Distill-Qwen-32B,story_generation,GEN-006,3,83.025
DeepSeek-R1-Distill-Qwen-32B,story_generation,GEN-007,0,82.175
DeepSeek-R1-Distill-Qwen-32B,story_generation,GEN-007,1,75.85
DeepSeek-R1-Distill-Qwen-32B,story_generation,GEN-007,3,74.925
DeepSeek-R1-Distill-Qwen-32B,story_generation,GEN-014,0,78.45
DeepSeek-R1-Distill-Qwen-32B,story_generation,GEN-014,1,83.42500000000001
DeepSeek-R1-Distill-Qwen-32B,story_generation,GEN-014,3,74.2
DeepSeek-R1-Distill-Qwen-32B,story_generation,GEN-019,0,78.35
DeepSeek-R1-Distill-Qwen-32B,story_generation,GEN-019,1,78.1
DeepSeek-R1-Distill-Qwen-32B,story_generation,GEN-019,3,75.675
DeepSeek-R1-Distill-Qwen-32B,story_generation,GEN-025,0,66.275
DeepSeek-R1-Distill-Qwen-32B,story_generation,GEN-025,1,83.94999999999999
DeepSeek-R1-Distill-Qwen-32B,story_generation,GEN-025,3,64.875
DeepSeek-R1-Distill-Qwen-32B,story_generation,GEN-027,0,51.625
DeepSeek-R1-Distill-Qwen-32B,story_generation,GEN-027,1,48.125
DeepSeek-R1-Distill-Qwen-32B,story_generation,GEN-027,3,70.875
DeepSeek-R1-Distill-Qwen-32B,story_generation,GEN-032,0,77.275
DeepSeek-R1-Distill-Qwen-32B,story_generation,GEN-032,1,70.55
DeepSeek-R1-Distill-Qwen-32B,story_generation,GEN-032,3,81.07499999999999
DeepSeek-R1-Distill-Qwen-32B,story_generation,GEN-036,0,80.25
DeepSeek-R1-Distill-Qwen-32B,story_generation,GEN-036,1,58.75
DeepSeek-R1-Distill-Qwen-32B,story_generation,GEN-036,3,78.0
DeepSeek-R1-Distill-Qwen-32B,story_generation,GEN-040,0,76.95
DeepSeek-R1-Distill-Qwen-32B,story_generation,GEN-040,1,80.30000000000001
DeepSeek-R1-Distill-Qwen-32B,story_generation,GEN-040,3,83.775
DeepSeek-R1-Distill-Qwen-32B,story_generation,GEN-044,0,74.225
DeepSeek-R1-Distill-Qwen-32B,story_generation,GEN-044,1,77.0
DeepSeek-R1-Distill-Qwen-32B,story_generation,GEN-044,3,71.0
DeepSeek-R1-Distill-Qwen-32B,story_generation,GEN-046,0,76.825
DeepSeek-R1-Distill-Qwen-32B,story_generation,GEN-046,1,80.82499999999999
DeepSeek-R1-Distill-Qwen-32B,story_generation,GEN-046,3,88.025
DeepSeek-R1-Distill-Qwen-32B,story_generation,GEN-047,0,74.225
DeepSeek-R1-Distill-Qwen-32B,story_generation,GEN-047,1,83.75
DeepSeek-R1-Distill-Qwen-32B,story_generation,GEN-047,3,84.475
DeepSeek-R1-Distill-Qwen-32B,story_generation,GEN-053,0,76.35
DeepSeek-R1-Distill-Qwen-32B,story_generation,GEN-053,1,76.375
DeepSeek-R1-Distill-Qwen-32B,story_generation,GEN-053,3,83.35
DeepSeek-R1-Distill-Qwen-32B,story_generation,GEN-063,0,84.2
DeepSeek-R1-Distill-Qwen-32B,story_generation,GEN-063,1,81.675
DeepSeek-R1-Distill-Qwen-32B,story_generation,GEN-063,3,86.175
DeepSeek-R1-Distill-Qwen-32B,story_generation,GEN-064,0,75.375
DeepSeek-R1-Distill-Qwen-32B,story_generation,GEN-064,1,79.625
DeepSeek-R1-Distill-Qwen-32B,story_generation,GEN-064,3,73.30000000000001
DeepSeek-R1-Distill-Qwen-32B,story_generation,GEN-066,0,75.75
DeepSeek-R1-Distill-Qwen-32B,story_generation,GEN-066,1,74.6
DeepSeek-R1-Distill-Qwen-32B,story_generation,GEN-066,3,88.175
DeepSeek-R1-Distill-Qwen-32B,story_generation,GEN-073,0,80.35
DeepSeek-R1-Distill-Qwen-32B,story_generation,GEN-073,1,55.4
DeepSeek-R1-Distill-Qwen-32B,story_generation,GEN-073,3,75.65
DeepSeek-R1-Distill-Qwen-32B,story_generation,GEN-080,0,76.7
DeepSeek-R1-Distill-Qwen-32B,story_generation,GEN-080,1,76.25
DeepSeek-R1-Distill-Qwen-32B,story_generation,GEN-080,3,82.25
DeepSeek-R1-Distill-Qwen-32B,story_generation,GEN-081,0,65.5
DeepSeek-R1-Distill-Qwen-32B,story_generation,GEN-081,1,54.175
DeepSeek-R1-Distill-Qwen-32B,story_generation,GEN-081,3,56.95
DeepSeek-R1-Distill-Qwen-32B,story_generation,GEN-084,0,71.725
DeepSeek-R1-Distill-Qwen-32B,story_generation,GEN-084,1,84.55000000000001
DeepSeek-R1-Distill-Qwen-32B,story_generation,GEN-084,3,79.07499999999999
DeepSeek-R1-Distill-Qwen-32B,story_generation,GEN-087,0,73.25
DeepSeek-R1-Distill-Qwen-32B,story_generation,GEN-087,1,80.07499999999999
DeepSeek-R1-Distill-Qwen-32B,story_generation,GEN-087,3,70.175
DeepSeek-R1-Distill-Qwen-32B,story_generation,GEN-093,0,49.375
DeepSeek-R1-Distill-Qwen-32B,story_generation,GEN-093,1,79.25
DeepSeek-R1-Distill-Qwen-32B,story_generation,GEN-093,3,84.15
DeepSeek-R1-Distill-Qwen-32B,story_generation,GEN-100,0,76.925
DeepSeek-R1-Distill-Qwen-32B,story_generation,GEN-100,1,75.32499999999999
DeepSeek-R1-Distill-Qwen-32B,story_generation,GEN-100,3,78.9
Doubao,continuation,CON-002,0,89.8
Doubao,continuation,CON-002,1,92.1
Doubao,continuation,CON-002,3,92.175
Doubao,continuation,CON-006,0,90.1
Doubao,continuation,CON-006,1,86.325
Doubao,continuation,CON-006,3,87.44999999999999
Doubao,continuation,CON-007,0,88.725
Doubao,continuation,CON-007,1,88.44999999999999
Doubao,continuation,CON-007,3,89.3
Doubao,continuation,CON-014,0,90.9
Doubao,continuation,CON-014,1,85.5
Doubao,continuation,CON-014,3,90.725
Doubao,continuation,CON-019,0,80.875
Doubao,continuation,CON-019,1,87.94999999999999
Doubao,continuation,CON-019,3,88.9
Doubao,continuation,CON-025,0,89.05
Doubao,continuation,CON-025,1,89.32499999999999
Doubao,continuation,CON-025,3,92.80000000000001
Doubao,continuation,CON-027,0,87.875
Doubao,continuation,CON-027,1,88.82499999999999
Doubao,continuation,CON-027,3,90.82499999999999
Doubao,continuation,CON-032,0,77.4
Doubao,continuation,CON-032,1,89.025
Doubao,continuation,CON-032,3,86.925
Doubao,continuation,CON-036,0,82.6
Doubao,continuation,CON-036,1,87.725
Doubao,continuation,CON-036,3,88.525
Doubao,continuation,CON-040,0,86.57499999999999
Doubao,continuation,CON-040,1,90.3
Doubao,continuation,CON-040,3,88.55000000000001
Doubao,continuation,CON-044,0,84.15
Doubao,continuation,CON-044,1,87.32499999999999
Doubao,continuation,CON-044,3,87.94999999999999
Doubao,continuation,CON-046,0,87.05000000000001
Doubao,continuation,CON-046,1,89.025
Doubao,continuation,CON-046,3,87.5
Doubao,continuation,CON-047,0,88.15
Doubao,continuation,CON-047,1,87.425
Doubao,continuation,CON-047,3,90.55000000000001
Doubao,continuation,CON-053,0,70.85
Doubao,continuation,CON-053,1,86.57499999999999
Doubao,continuation,CON-053,3,88.975
Doubao,continuation,CON-063,0,89.44999999999999
Doubao,continuation,CON-063,1,88.94999999999999
Doubao,continuation,CON-063,3,90.94999999999999
Doubao,continuation,CON-064,0,85.35
Doubao,continuation,CON-064,1,78.375
Doubao,continuation,CON-064,3,83.5
Doubao,continuation,CON-066,0,90.94999999999999
Doubao,continuation,CON-066,1,88.525
Doubao,continuation,CON-066,3,90.675
Doubao,continuation,CON-073,0,88.19999999999999
Doubao,continuation,CON-073,1,90.975
Doubao,continuation,CON-073,3,90.1
Doubao,continuation,CON-080,0,86.975
Doubao,continuation,CON-080,1,83.325
Doubao,continuation,CON-080,3,89.975
Doubao,continuation,CON-081,0,89.0
Doubao,continuation,CON-081,1,90.0
Doubao,continuation,CON-081,3,89.32499999999999
Doubao,continuation,CON-084,0,80.55000000000001
Doubao,continuation,CON-084,1,85.8
Doubao,continuation,CON-084,3,90.55000000000001
Doubao,continuation,CON-087,0,87.85
Doubao,continuation,CON-087,1,89.8
Doubao,continuation,CON-087,3,87.775
Doubao,continuation,CON-093,0,91.3
Doubao,continuation,CON-093,1,82.9
Doubao,continuation,CON-093,3,88.875
Doubao,continuation,CON-100,0,87.675
Doubao,continuation,CON-100,1,83.425
Doubao,continuation,CON-100,3,91.075
Doubao,rewriting,REW-003,0,83.05000000000001
Doubao,rewriting,REW-003,1,86.05000000000001
Doubao,rewriting,REW-003,3,88.1
Doubao,rewriting,REW-008,0,82.95
Doubao,rewriting,REW-008,1,76.7
Doubao,rewriting,REW-008,3,86.95
Doubao,rewriting,REW-010,0,89.30000000000001
Doubao,rewriting,REW-010,1,88.30000000000001
Doubao,rewriting,REW-010,3,88.80000000000001
Doubao,rewriting,REW-014,0,77.35
Doubao,rewriting,REW-014,1,85.25
Doubao,rewriting,REW-014,3,80.2
Doubao,rewriting,REW-019,0,78.6
Doubao,rewriting,REW-019,1,84.25
Doubao,rewriting,REW-019,3,77.85
Doubao,rewriting,REW-022,0,88.30000000000001
Doubao,rewriting,REW-022,1,88.35
Doubao,rewriting,REW-022,3,86.6
Doubao,rewriting,REW-028,0,87.5
Doubao,rewriting,REW-028,1,80.2
Doubao,rewriting,REW-028,3,79.0
Doubao,rewriting,REW-032,0,75.5
Doubao,rewriting,REW-032,1,84.15
Doubao,rewriting,REW-032,3,88.6
Doubao,rewriting,REW-034,0,80.85
Doubao,rewriting,REW-034,1,85.25
Doubao,rewriting,REW-034,3,84.1
Doubao,rewriting,REW-044,0,80.45
Doubao,rewriting,REW-044,1,87.4
Doubao,rewriting,REW-044,3,87.65
Doubao,rewriting,REW-047,0,84.5
Doubao,rewriting,REW-047,1,78.65
Doubao,rewriting,REW-047,3,87.05
Doubao,rewriting,REW-049,0,75.35
Doubao,rewriting,REW-049,1,85.75
Doubao,rewriting,REW-049,3,83.25
Doubao,rewriting,REW-055,0,71.55
Doubao,rewriting,REW-055,1,63.0
Doubao,rewriting,REW-055,3,84.1
Doubao,rewriting,REW-059,0,76.35
Doubao,rewriting,REW-059,1,83.95
Doubao,rewriting,REW-059,3,86.75
Doubao,rewriting,REW-064,0,84.35
Doubao,rewriting,REW-064,1,87.9
Doubao,rewriting,REW-064,3,80.5
Doubao,rewriting,REW-066,0,81.95
Doubao,rewriting,REW-066,1,80.3
Doubao,rewriting,REW-066,3,89.7
Doubao,rewriting,REW-070,0,86.35
Doubao,rewriting,REW-070,1,81.65
Doubao,rewriting,REW-070,3,89.5
Doubao,rewriting,REW-073,0,86.30000000000001
Doubao,rewriting,REW-073,1,86.8
Doubao,rewriting,REW-073,3,84.05000000000001
Doubao,rewriting,REW-077,0,85.05000000000001
Doubao,rewriting,REW-077,1,79.85
Doubao,rewriting,REW-077,3,83.05
Doubao,rewriting,REW-081,0,83.9
Doubao,rewriting,REW-081,1,80.2
Doubao,rewriting,REW-081,3,78.30000000000001
Doubao,rewriting,REW-088,0,85.45
Doubao,rewriting,REW-088,1,85.3
Doubao,rewriting,REW-088,3,87.5
Doubao,rewriting,REW-091,0,86.15
Doubao,rewriting,REW-091,1,84.7
Doubao,rewriting,REW-091,3,88.19999999999999
Doubao,rewriting,REW-093,0,80.5
Doubao,rewriting,REW-093,1,80.75
Doubao,rewriting,REW-093,3,82.05000000000001
Doubao,rewriting,REW-097,0,75.05
Doubao,rewriting,REW-097,1,79.65
Doubao,rewriting,REW-097,3,84.6
Doubao,story_generation,GEN-002,0,88.65
Doubao,story_generation,GEN-002,1,89.4
Doubao,story_generation,GEN-002,3,90.57499999999999
Doubao,story_generation,GEN-006,0,81.30000000000001
Doubao,story_generation,GEN-006,1,89.82499999999999
Doubao,story_generation,GEN-006,3,89.025
Doubao,story_generation,GEN-007,0,86.3
Doubao,story_generation,GEN-007,1,87.475
Doubao,story_generation,GEN-007,3,90.82499999999999
Doubao,story_generation,GEN-014,0,89.225
Doubao,story_generation,GEN-014,1,86.025
Doubao,story_generation,GEN-014,3,84.375
Doubao,story_generation,GEN-019,0,86.125
Doubao,story_generation,GEN-019,1,89.025
Doubao,story_generation,GEN-019,3,89.475
Doubao,story_generation,GEN-025,0,91.35
Doubao,story_generation,GEN-025,1,88.225
Doubao,story_generation,GEN-025,3,88.175
Doubao,story_generation,GEN-027,0,70.05000000000001
Doubao,story_generation,GEN-027,1,72.55
Doubao,story_generation,GEN-027,3,82.775
Doubao,story_generation,GEN-032,0,83.30000000000001
Doubao,story_generation,GEN-032,1,90.67500000000001
Doubao,story_generation,GEN-032,3,88.875
Doubao,story_generation,GEN-036,0,84.5
Doubao,story_generation,GEN-036,1,83.425
Doubao,story_generation,GEN-036,3,82.575
Doubao,story_generation,GEN-040,0,82.775
Doubao,story_generation,GEN-040,1,88.975
Doubao,story_generation,GEN-040,3,90.175
Doubao,story_generation,GEN-044,0,79.25
Doubao,story_generation,GEN-044,1,87.525
Doubao,story_generation,GEN-044,3,88.375
Doubao,story_generation,GEN-046,0,90.975
Doubao,story_generation,GEN-046,1,90.175
Doubao,story_generation,GEN-046,3,92.125
Doubao,story_generation,GEN-047,0,89.32499999999999
Doubao,story_generation,GEN-047,1,90.6
Doubao,story_generation,GEN-047,3,88.9
Doubao,story_generation,GEN-053,0,81.82499999999999
Doubao,story_generation,GEN-053,1,90.025
Doubao,story_generation,GEN-053,3,89.32499999999999
Doubao,story_generation,GEN-063,0,89.275
Doubao,story_generation,GEN-063,1,89.775
Doubao,story_generation,GEN-063,3,87.6
Doubao,story_generation,GEN-064,0,84.75
Doubao,story_generation,GEN-064,1,81.6
Doubao,story_generation,GEN-064,3,88.2
Doubao,story_generation,GEN-066,0,88.75
Doubao,story_generation,GEN-066,1,90.05000000000001
Doubao,story_generation,GEN-066,3,90.69999999999999
Doubao,story_generation,GEN-073,0,89.225
Doubao,story_generation,GEN-073,1,89.17500000000001
Doubao,story_generation,GEN-073,3,88.375
Doubao,story_generation,GEN-080,0,87.275
Doubao,story_generation,GEN-080,1,88.625
Doubao,story_generation,GEN-080,3,87.9
Doubao,story_generation,GEN-081,0,90.125
Doubao,story_generation,GEN-081,1,89.025
Doubao,story_generation,GEN-081,3,88.225
Doubao,story_generation,GEN-084,0,88.44999999999999
Doubao,story_generation,GEN-084,1,90.175
Doubao,story_generation,GEN-084,3,90.15
Doubao,story_generation,GEN-087,0,82.55000000000001
Doubao,story_generation,GEN-087,1,85.275
Doubao,story_generation,GEN-087,3,86.525
Doubao,story_generation,GEN-093,0,89.075
Doubao,story_generation,GEN-093,1,90.875
Doubao,story_generation,GEN-093,3,87.57499999999999
Doubao,story_generation,GEN-100,0,77.80000000000001
Doubao,story_generation,GEN-100,1,87.0
Doubao,story_generation,GEN-100,3,86.875
Mistral-7B-Instruct-v0.3,continuation,CON-002,0,50.375
Mistral-7B-Instruct-v0.3,continuation,CON-002,1,72.675
Mistral-7B-Instruct-v0.3,continuation,CON-002,3,78.325
Mistral-7B-Instruct-v0.3,continuation,CON-006,0,31.625
Mistral-7B-Instruct-v0.3,continuation,CON-006,1,54.175
Mistral-7B-Instruct-v0.3,continuation,CON-006,3,37.625
Mistral-7B-Instruct-v0.3,continuation,CON-007,0,45.25
Mistral-7B-Instruct-v0.3,continuation,CON-007,1,59.175
Mistral-7B-Instruct-v0.3,continuation,CON-007,3,49.125
Mistral-7B-Instruct-v0.3,continuation,CON-014,0,46.85
Mistral-7B-Instruct-v0.3,continuation,CON-014,1,54.375
Mistral-7B-Instruct-v0.3,continuation,CON-014,3,64.9
Mistral-7B-Instruct-v0.3,continuation,CON-019,0,50.625
Mistral-7B-Instruct-v0.3,continuation,CON-019,1,61.95
Mistral-7B-Instruct-v0.3,continuation,CON-019,3,71.775
Mistral-7B-Instruct-v0.3,continuation,CON-025,0,58.125
Mistral-7B-Instruct-v0.3,continuation,CON-025,1,69.675
Mistral-7B-Instruct-v0.3,continuation,CON-025,3,72.9
Mistral-7B-Instruct-v0.3,continuation,CON-027,0,51.425
Mistral-7B-Instruct-v0.3,continuation,CON-027,1,72.975
Mistral-7B-Instruct-v0.3,continuation,CON-027,3,67.625
Mistral-7B-Instruct-v0.3,continuation,CON-032,0,52.775
Mistral-7B-Instruct-v0.3,continuation,CON-032,1,74.325
Mistral-7B-Instruct-v0.3,continuation,CON-032,3,80.0
Mistral-7B-Instruct-v0.3,continuation,CON-036,0,31.35
Mistral-7B-Instruct-v0.3,continuation,CON-036,1,69.125
Mistral-7B-Instruct-v0.3,continuation,CON-036,3,66.375
Mistral-7B-Instruct-v0.3,continuation,CON-040,0,44.625
Mistral-7B-Instruct-v0.3,continuation,CON-040,1,67.80000000000001
Mistral-7B-Instruct-v0.3,continuation,CON-040,3,55.25
Mistral-7B-Instruct-v0.3,continuation,CON-044,0,42.875
Mistral-7B-Instruct-v0.3,continuation,CON-044,1,56.275
Mistral-7B-Instruct-v0.3,continuation,CON-044,3,79.57499999999999
Mistral-7B-Instruct-v0.3,continuation,CON-046,0,29.0
Mistral-7B-Instruct-v0.3,continuation,CON-046,1,61.325
Mistral-7B-Instruct-v0.3,continuation,CON-046,3,53.8
Mistral-7B-Instruct-v0.3,continuation,CON-047,0,54.0
Mistral-7B-Instruct-v0.3,continuation,CON-047,1,69.15
Mistral-7B-Instruct-v0.3,continuation,CON-047,3,69.7
Mistral-7B-Instruct-v0.3,continuation,CON-053,0,41.625
Mistral-7B-Instruct-v0.3,continuation,CON-053,1,65.75
Mistral-7B-Instruct-v0.3,continuation,CON-053,3,63.125
Mistral-7B-Instruct-v0.3,continuation,CON-063,0,54.9
Mistral-7B-Instruct-v0.3,continuation,CON-063,1,53.125
Mistral-7B-Instruct-v0.3,continuation,CON-063,3,69.525
Mistral-7B-Instruct-v0.3,continuation,CON-064,0,51.775
Mistral-7B-Instruct-v0.3,continuation,CON-064,1,54.05
Mistral-7B-Instruct-v0.3,continuation,CON-064,3,59.3
Mistral-7B-Instruct-v0.3,continuation,CON-066,0,42.8
Mistral-7B-Instruct-v0.3,continuation,CON-066,1,61.05
Mistral-7B-Instruct-v0.3,continuation,CON-066,3,79.475
Mistral-7B-Instruct-v0.3,continuation,CON-073,0,41.75
Mistral-7B-Instruct-v0.3,continuation,CON-073,1,63.25
Mistral-7B-Instruct-v0.3,continuation,CON-073,3,47.2
Mistral-7B-Instruct-v0.3,continuation,CON-080,0,41.75
Mistral-7B-Instruct-v0.3,continuation,CON-080,1,64.15
Mistral-7B-Instruct-v0.3,continuation,CON-080,3,56.425
Mistral-7B-Instruct-v0.3,continuation,CON-081,0,37.5
Mistral-7B-Instruct-v0.3,continuation,CON-081,1,59.55
Mistral-7B-Instruct-v0.3,continuation,CON-081,3,69.25
Mistral-7B-Instruct-v0.3,continuation,CON-084,0,53.625
Mistral-7B-Instruct-v0.3,continuation,CON-084,1,68.275
Mistral-7B-Instruct-v0.3,continuation,CON-084,3,75.35
Mistral-7B-Instruct-v0.3,continuation,CON-087,0,25.75
Mistral-7B-Instruct-v0.3,continuation,CON-087,1,50.375
Mistral-7B-Instruct-v0.3,continuation,CON-087,3,48.875
Mistral-7B-Instruct-v0.3,continuation,CON-093,0,43.5
Mistral-7B-Instruct-v0.3,continuation,CON-093,1,60.05
Mistral-7B-Instruct-v0.3,continuation,CON-093,3,74.575
Mistral-7B-Instruct-v0.3,continuation,CON-100,0,50.95
Mistral-7B-Instruct-v0.3,continuation,CON-100,1,70.525
Mistral-7B-Instruct-v0.3,continuation,CON-100,3,68.65
Mistral-7B-Instruct-v0.3,rewriting,REW-003,0,47.75
Mistral-7B-Instruct-v0.3,rewriting,REW-003,1,57.4
Mistral-7B-Instruct-v0.3,rewriting,REW-003,3,54.35
Mistral-7B-Instruct-v0.3,rewriting,REW-008,0,62.5
Mistral-7B-Instruct-v0.3,rewriting,REW-008,1,43.95
Mistral-7B-Instruct-v0.3,rewriting,REW-008,3,40.25
Mistral-7B-Instruct-v0.3,rewriting,REW-010,0,39.75
Mistral-7B-Instruct-v0.3,rewriting,REW-010,1,48.25
Mistral-7B-Instruct-v0.3,rewriting,REW-010,3,52.5
Mistral-7B-Instruct-v0.3,rewriting,REW-014,0,54.5
Mistral-7B-Instruct-v0.3,rewriting,REW-014,1,49.7
Mistral-7B-Instruct-v0.3,rewriting,REW-014,3,51.25
Mistral-7B-Instruct-v0.3,rewriting,REW-019,0,31.25
Mistral-7B-Instruct-v0.3,rewriting,REW-019,1,45.75
Mistral-7B-Instruct-v0.3,rewriting,REW-019,3,43.0
Mistral-7B-Instruct-v0.3,rewriting,REW-022,0,54.6
Mistral-7B-Instruct-v0.3,rewriting,REW-022,1,57.7
Mistral-7B-Instruct-v0.3,rewriting,REW-022,3,66.15
Mistral-7B-Instruct-v0.3,rewriting,REW-028,0,44.0
Mistral-7B-Instruct-v0.3,rewriting,REW-028,1,61.6
Mistral-7B-Instruct-v0.3,rewriting,REW-028,3,46.0
Mistral-7B-Instruct-v0.3,rewriting,REW-032,0,55.55
Mistral-7B-Instruct-v0.3,rewriting,REW-032,1,40.0
Mistral-7B-Instruct-v0.3,rewriting,REW-032,3,15.25
Mistral-7B-Instruct-v0.3,rewriting,REW-034,0,49.5
Mistral-7B-Instruct-v0.3,rewriting,REW-034,1,50.5
Mistral-7B-Instruct-v0.3,rewriting,REW-034,3,44.8
Mistral-7B-Instruct-v0.3,rewriting,REW-044,0,42.25
Mistral-7B-Instruct-v0.3,rewriting,REW-044,1,27.95
Mistral-7B-Instruct-v0.3,rewriting,REW-044,3,26.75
Mistral-7B-Instruct-v0.3,rewriting,REW-047,0,34.75
Mistral-7B-Instruct-v0.3,rewriting,REW-047,1,51.35
Mistral-7B-Instruct-v0.3,rewriting,REW-047,3,48.55
Mistral-7B-Instruct-v0.3,rewriting,REW-049,0,44.25
Mistral-7B-Instruct-v0.3,rewriting,REW-049,1,46.75
Mistral-7B-Instruct-v0.3,rewriting,REW-049,3,43.0
Mistral-7B-Instruct-v0.3,rewriting,REW-055,0,35.0
Mistral-7B-Instruct-v0.3,rewriting,REW-055,1,54.0
Mistral-7B-Instruct-v0.3,rewriting,REW-055,3,60.949999999999996
Mistral-7B-Instruct-v0.3,rewriting,REW-059,0,46.5
Mistral-7B-Instruct-v0.3,rewriting,REW-059,1,31.75
Mistral-7B-Instruct-v0.3,rewriting,REW-059,3,57.85
Mistral-7B-Instruct-v0.3,rewriting,REW-064,0,45.25
Mistral-7B-Instruct-v0.3,rewriting,REW-064,1,52.05
Mistral-7B-Instruct-v0.3,rewriting,REW-064,3,52.55
Mistral-7B-Instruct-v0.3,rewriting,REW-066,0,50.95
Mistral-7B-Instruct-v0.3,rewriting,REW-066,1,61.6
Mistral-7B-Instruct-v0.3,rewriting,REW-066,3,54.45
Mistral-7B-Instruct-v0.3,rewriting,REW-070,0,34.25
Mistral-7B-Instruct-v0.3,rewriting,REW-070,1,56.5
Mistral-7B-Instruct-v0.3,rewriting,REW-070,3,56.75
Mistral-7B-Instruct-v0.3,rewriting,REW-073,0,34.0
Mistral-7B-Instruct-v0.3,rewriting,REW-073,1,50.25
Mistral-7B-Instruct-v0.3,rewriting,REW-073,3,50.5
Mistral-7B-Instruct-v0.3,rewriting,REW-077,0,48.45
Mistral-7B-Instruct-v0.3,rewriting,REW-077,1,67.8
Mistral-7B-Instruct-v0.3,rewriting,REW-077,3,47.95
Mistral-7B-Instruct-v0.3,rewriting,REW-081,0,36.0
Mistral-7B-Instruct-v0.3,rewriting,REW-081,1,48.0
Mistral-7B-Instruct-v0.3,rewriting,REW-081,3,47.75
Mistral-7B-Instruct-v0.3,rewriting,REW-088,0,53.9
Mistral-7B-Instruct-v0.3,rewriting,REW-088,1,50.5
Mistral-7B-Instruct-v0.3,rewriting,REW-088,3,45.05
Mistral-7B-Instruct-v0.3,rewriting,REW-091,0,70.65
Mistral-7B-Instruct-v0.3,rewriting,REW-091,1,61.949999999999996
Mistral-7B-Instruct-v0.3,rewriting,REW-091,3,49.400000000000006
Mistral-7B-Instruct-v0.3,rewriting,REW-093,0,29.25
Mistral-7B-Instruct-v0.3,rewriting,REW-093,1,56.45
Mistral-7B-Instruct-v0.3,rewriting,REW-093,3,45.5
Mistral-7B-Instruct-v0.3,rewriting,REW-097,0,40.75
Mistral-7B-Instruct-v0.3,rewriting,REW-097,1,43.65
Mistral-7B-Instruct-v0.3,rewriting,REW-097,3,64.9
Mistral-7B-Instruct-v0.3,story_generation,GEN-002,0,60.55
Mistral-7B-Instruct-v0.3,story_generation,GEN-002,1,63.5
Mistral-7B-Instruct-v0.3,story_generation,GEN-002,3,34.375
Mistral-7B-Instruct-v0.3,story_generation,GEN-006,0,54.875
Mistral-7B-Instruct-v0.3,story_generation,GEN-006,1,12.75
Mistral-7B-Instruct-v0.3,story_generation,GEN-006,3,10.375
Mistral-7B-Instruct-v0.3,story_generation,GEN-007,0,48.0
Mistral-7B-Instruct-v0.3,story_generation,GEN-007,1,57.675
Mistral-7B-Instruct-v0.3,story_generation,GEN-007,3,58.425
Mistral-7B-Instruct-v0.3,story_generation,GEN-014,0,21.75
Mistral-7B-Instruct-v0.3,story_generation,GEN-014,1,28.75
Mistral-7B-Instruct-v0.3,story_generation,GEN-014,3,11.5
Mistral-7B-Instruct-v0.3,story_generation,GEN-019,0,58.575
Mistral-7B-Instruct-v0.3,story_generation,GEN-019,1,67.775
Mistral-7B-Instruct-v0.3,story_generation,GEN-019,3,41.375
Mistral-7B-Instruct-v0.3,story_generation,GEN-025,0,55.975
Mistral-7B-Instruct-v0.3,story_generation,GEN-025,1,35.75
Mistral-7B-Instruct-v0.3,story_generation,GEN-025,3,37.375
Mistral-7B-Instruct-v0.3,story_generation,GEN-027,0,48.875
Mistral-7B-Instruct-v0.3,story_generation,GEN-027,1,57.699999999999996
Mistral-7B-Instruct-v0.3,story_generation,GEN-027,3,64.275
Mistral-7B-Instruct-v0.3,story_generation,GEN-032,0,45.5
Mistral-7B-Instruct-v0.3,story_generation,GEN-032,1,45.775
Mistral-7B-Instruct-v0.3,story_generation,GEN-032,3,69.55
Mistral-7B-Instruct-v0.3,story_generation,GEN-036,0,12.375
Mistral-7B-Instruct-v0.3,story_generation,GEN-036,1,36.125
Mistral-7B-Instruct-v0.3,story_generation,GEN-036,3,10.375
Mistral-7B-Instruct-v0.3,story_generation,GEN-040,0,59.625
Mistral-7B-Instruct-v0.3,story_generation,GEN-040,1,56.7
Mistral-7B-Instruct-v0.3,story_generation,GEN-040,3,69.225
Mistral-7B-Instruct-v0.3,story_generation,GEN-044,0,55.875
Mistral-7B-Instruct-v0.3,story_generation,GEN-044,1,47.25
Mistral-7B-Instruct-v0.3,story_generation,GEN-044,3,58.925
Mistral-7B-Instruct-v0.3,story_generation,GEN-046,0,53.8
Mistral-7B-Instruct-v0.3,story_generation,GEN-046,1,65.075
Mistral-7B-Instruct-v0.3,story_generation,GEN-046,3,55.075
Mistral-7B-Instruct-v0.3,story_generation,GEN-047,0,56.2
Mistral-7B-Instruct-v0.3,story_generation,GEN-047,1,68.0
Mistral-7B-Instruct-v0.3,story_generation,GEN-047,3,59.375
Mistral-7B-Instruct-v0.3,story_generation,GEN-053,0,43.375
Mistral-7B-Instruct-v0.3,story_generation,GEN-053,1,61.95
Mistral-7B-Instruct-v0.3,story_generation,GEN-053,3,29.625
Mistral-7B-Instruct-v0.3,story_generation,GEN-063,0,63.625
Mistral-7B-Instruct-v0.3,story_generation,GEN-063,1,64.8
Mistral-7B-Instruct-v0.3,story_generation,GEN-063,3,52.975
Mistral-7B-Instruct-v0.3,story_generation,GEN-064,0,32.0
Mistral-7B-Instruct-v0.3,story_generation,GEN-064,1,55.45
Mistral-7B-Instruct-v0.3,story_generation,GEN-064,3,33.0
Mistral-7B-Instruct-v0.3,story_generation,GEN-066,0,55.8
Mistral-7B-Instruct-v0.3,story_generation,GEN-066,1,71.8
Mistral-7B-Instruct-v0.3,story_generation,GEN-066,3,51.7
Mistral-7B-Instruct-v0.3,story_generation,GEN-073,0,33.0
Mistral-7B-Instruct-v0.3,story_generation,GEN-073,1,49.95
Mistral-7B-Instruct-v0.3,story_generation,GEN-073,3,9.5
Mistral-7B-Instruct-v0.3,story_generation,GEN-080,0,60.9
Mistral-7B-Instruct-v0.3,story_generation,GEN-080,1,37.0
Mistral-7B-Instruct-v0.3,story_generation,GEN-080,3,36.875
Mistral-7B-Instruct-v0.3,story_generation,GEN-081,0,57.975
Mistral-7B-Instruct-v0.3,story_generation,GEN-081,1,50.475
Mistral-7B-Instruct-v0.3,story_generation,GEN-081,3,50.6
Mistral-7B-Instruct-v0.3,story_generation,GEN-084,0,73.025
Mistral-7B-Instruct-v0.3,story_generation,GEN-084,1,58.25
Mistral-7B-Instruct-v0.3,story_generation,GEN-084,3,55.875
Mistral-7B-Instruct-v0.3,story_generation,GEN-087,0,44.1
Mistral-7B-Instruct-v0.3,story_generation,GEN-087,1,39.75
Mistral-7B-Instruct-v0.3,story_generation,GEN-087,3,53.9
Mistral-7B-Instruct-v0.3,story_generation,GEN-093,0,57.025
Mistral-7B-Instruct-v0.3,story_generation,GEN-093,1,49.125
Mistral-7B-Instruct-v0.3,story_generation,GEN-093,3,36.125
Mistral-7B-Instruct-v0.3,story_generation,GEN-100,0,47.375
Mistral-7B-Instruct-v0.3,story_generation,GEN-100,1,37.5
Mistral-7B-Instruct-v0.3,story_generation,GEN-100,3,54.45
QwQ-32B,continuation,CON-002,0,81.375
QwQ-32B,continuation,CON-002,1,87.55000000000001
QwQ-32B,continuation,CON-002,3,82.95
QwQ-32B,continuation,CON-006,0,78.025
QwQ-32B,continuation,CON-006,1,81.025
QwQ-32B,continuation,CON-006,3,82.525
QwQ-32B,continuation,CON-007,0,83.475
QwQ-32B,continuation,CON-007,1,88.65
QwQ-32B,continuation,CON-007,3,87.625
QwQ-32B,continuation,CON-014,0,84.8
QwQ-32B,continuation,CON-014,1,68.625
QwQ-32B,continuation,CON-014,3,88.94999999999999
QwQ-32B,continuation,CON-019,0,88.8
QwQ-32B,continuation,CON-019,1,85.07499999999999
QwQ-32B,continuation,CON-019,3,87.6
QwQ-32B,continuation,CON-025,0,78.975
QwQ-32B,continuation,CON-025,1,84.725
QwQ-32B,continuation,CON-025,3,90.30000000000001
QwQ-32B,continuation,CON-027,0,84.4
QwQ-32B,continuation,CON-027,1,89.525
QwQ-32B,continuation,CON-027,3,89.475
QwQ-32B,continuation,CON-032,0,69.375
QwQ-32B,continuation,CON-032,1,87.525
QwQ-32B,continuation,CON-032,3,89.7
QwQ-32B,continuation,CON-036,0,79.425
QwQ-32B,continuation,CON-036,1,86.175
QwQ-32B,continuation,CON-036,3,88.32499999999999
QwQ-32B,continuation,CON-040,0,74.35
QwQ-32B,continuation,CON-040,1,85.2
QwQ-32B,continuation,CON-040,3,88.625
QwQ-32B,continuation,CON-044,0,84.92500000000001
QwQ-32B,continuation,CON-044,1,73.875
QwQ-32B,continuation,CON-044,3,89.3
QwQ-32B,continuation,CON-046,0,89.69999999999999
QwQ-32B,continuation,CON-046,1,88.575
QwQ-32B,continuation,CON-046,3,87.875
QwQ-32B,continuation,CON-047,0,85.0
QwQ-32B,continuation,CON-047,1,87.57499999999999
QwQ-32B,continuation,CON-047,3,84.7
QwQ-32B,continuation,CON-053,0,76.675
QwQ-32B,continuation,CON-053,1,86.75
QwQ-32B,continuation,CON-053,3,87.425
QwQ-32B,continuation,CON-063,0,63.699999999999996
QwQ-32B,continuation,CON-063,1,76.275
QwQ-32B,continuation,CON-063,3,67.4
QwQ-32B,continuation,CON-064,0,74.125
QwQ-32B,continuation,CON-064,1,59.05
QwQ-32B,continuation,CON-064,3,81.825
QwQ-32B,continuation,CON-066,0,85.025
QwQ-32B,continuation,CON-066,1,88.175
QwQ-32B,continuation,CON-066,3,89.32499999999999
QwQ-32B,continuation,CON-073,0,81.3
QwQ-32B,continuation,CON-073,1,90.82499999999999
QwQ-32B,continuation,CON-073,3,88.975
QwQ-32B,continuation,CON-080,0,80.85
QwQ-32B,continuation,CON-080,1,90.675
QwQ-32B,continuation,CON-080,3,84.325
QwQ-32B,continuation,CON-081,0,84.5
QwQ-32B,continuation,CON-081,1,84.975
QwQ-32B,continuation,CON-081,3,84.0
QwQ-32B,continuation,CON-084,0,72.875
QwQ-32B,continuation,CON-084,1,91.875
QwQ-32B,continuation,CON-084,3,87.8
QwQ-32B,continuation,CON-087,0,81.275
QwQ-32B,continuation,CON-087,1,86.025
QwQ-32B,continuation,CON-087,3,88.0
QwQ-32B,continuation,CON-093,0,88.075
QwQ-32B,continuation,CON-093,1,88.625
QwQ-32B,continuation,CON-093,3,90.15
QwQ-32B,continuation,CON-100,0,82.025
QwQ-32B,continuation,CON-100,1,90.44999999999999
QwQ-32B,continuation,CON-100,3,87.0
QwQ-32B,rewriting,REW-003,0,80.80000000000001
QwQ-32B,rewriting,REW-003,1,85.65
QwQ-32B,rewriting,REW-003,3,83.45
QwQ-32B,rewriting,REW-008,0,79.5
QwQ-32B,rewriting,REW-008,1,82.3
QwQ-32B,rewriting,REW-008,3,82.1
QwQ-32B,rewriting,REW-010,0,85.75
QwQ-32B,rewriting,REW-010,1,83.2
QwQ-32B,rewriting,REW-010,3,85.15
QwQ-32B,rewriting,REW-014,0,77.35
QwQ-32B,rewriting,REW-014,1,79.0
QwQ-32B,rewriting,REW-014,3,87.55
QwQ-32B,rewriting,REW-019,0,72.6
QwQ-32B,rewriting,REW-019,1,66.85
QwQ-32B,rewriting,REW-019,3,70.8
QwQ-32B,rewriting,REW-022,0,72.85
QwQ-32B,rewriting,REW-022,1,78.65
QwQ-32B,rewriting,REW-022,3,87.4
QwQ-32B,rewriting,REW-028,0,73.25
QwQ-32B,rewriting,REW-028,1,75.15
QwQ-32B,rewriting,REW-028,3,85.7
QwQ-32B,rewriting,REW-032,0,70.7
QwQ-32B,rewriting,REW-032,1,70.95
QwQ-32B,rewriting,REW-032,3,61.0
QwQ-32B,rewriting,REW-034,0,78.80000000000001
QwQ-32B,rewriting,REW-034,1,83.8
QwQ-32B,rewriting,REW-034,3,84.0
QwQ-32B,rewriting,REW-044,0,78.05000000000001
QwQ-32B,rewriting,REW-044,1,85.35
QwQ-32B,rewriting,REW-044,3,84.75
QwQ-32B,rewriting,REW-047,0,64.25
QwQ-32B,rewriting,REW-047,1,70.55
QwQ-32B,rewriting,REW-047,3,84.15
QwQ-32B,rewriting,REW-049,0,77.05000000000001
QwQ-32B,rewriting,REW-049,1,64.6
QwQ-32B,rewriting,REW-049,3,82.25
QwQ-32B,rewriting,REW-055,0,76.1
QwQ-32B,rewriting,REW-055,1,78.55000000000001
QwQ-32B,rewriting,REW-055,3,67.35
QwQ-32B,rewriting,REW-059,0,66.35
QwQ-32B,rewriting,REW-059,1,78.85
QwQ-32B,rewriting,REW-059,3,73.85
QwQ-32B,rewriting,REW-064,0,79.80000000000001
QwQ-32B,rewriting,REW-064,1,80.0
QwQ-32B,rewriting,REW-064,3,82.15
QwQ-32B,rewriting,REW-066,0,81.45
QwQ-32B,rewriting,REW-066,1,86.35
QwQ-32B,rewriting,REW-066,3,82.65
QwQ-32B,rewriting,REW-070,0,77.7
QwQ-32B,rewriting,REW-070,1,77.85
QwQ-32B,rewriting,REW-070,3,84.3
QwQ-32B,rewriting,REW-073,0,80.6
QwQ-32B,rewriting,REW-073,1,81.8
QwQ-32B,rewriting,REW-073,3,85.44999999999999
QwQ-32B,rewriting,REW-077,0,80.6
QwQ-32B,rewriting,REW-077,1,70.35
QwQ-32B,rewriting,REW-077,3,80.5
QwQ-32B,rewriting,REW-081,0,67.15
QwQ-32B,rewriting,REW-081,1,58.9
QwQ-32B,rewriting,REW-081,3,84.25
QwQ-32B,rewriting,REW-088,0,75.05
QwQ-32B,rewriting,REW-088,1,82.15
QwQ-32B,rewriting,REW-088,3,83.75
QwQ-32B,rewriting,REW-091,0,83.85
QwQ-32B,rewriting,REW-091,1,88.2
QwQ-32B,rewriting,REW-091,3,82.35
QwQ-32B,rewriting,REW-093,0,63.75
QwQ-32B,rewriting,REW-093,1,85.1
QwQ-32B,rewriting,REW-093,3,83.35
QwQ-32B,rewriting,REW-097,0,80.25
QwQ-32B,rewriting,REW-097,1,75.25
QwQ-32B,rewriting,REW-097,3,75.65
QwQ-32B,story_generation,GEN-002,0,88.775
QwQ-32B,story_generation,GEN-002,1,88.75
QwQ-32B,story_generation,GEN-002,3,88.675
QwQ-32B,story_generation,GEN-006,0,89.525
QwQ-32B,story_generation,GEN-006,1,86.82499999999999
QwQ-32B,story_generation,GEN-006,3,86.525
QwQ-32B,story_generation,GEN-007,0,75.15
QwQ-32B,story_generation,GEN-007,1,85.5
QwQ-32B,story_generation,GEN-007,3,89.925
QwQ-32B,story_generation,GEN-014,0,79.4
QwQ-32B,story_generation,GEN-014,1,64.425
QwQ-32B,story_generation,GEN-014,3,74.45
QwQ-32B,story_generation,GEN-019,0,86.125
QwQ-32B,story_generation,GEN-019,1,89.05
QwQ-32B,story_generation,GEN-019,3,90.57499999999999
QwQ-32B,story_generation,GEN-025,0,89.625
QwQ-32B,story_generation,GEN-025,1,89.775
QwQ-32B,story_generation,GEN-025,3,87.35
QwQ-32B,story_generation,GEN-027,0,73.25
QwQ-32B,story_generation,GEN-027,1,82.25
QwQ-32B,story_generation,GEN-027,3,83.0
QwQ-32B,story_generation,GEN-032,0,76.55
QwQ-32B,story_generation,GEN-032,1,87.375
QwQ-32B,story_generation,GEN-032,3,78.94999999999999
QwQ-32B,story_generation,GEN-036,0,89.55000000000001
QwQ-32B,story_generation,GEN-036,1,88.82499999999999
QwQ-32B,story_generation,GEN-036,3,87.57499999999999
QwQ-32B,story_generation,GEN-040,0,90.65
QwQ-32B,story_generation,GEN-040,1,90.07499999999999
QwQ-32B,story_generation,GEN-040,3,87.975
QwQ-32B,story_generation,GEN-044,0,86.825
QwQ-32B,story_generation,GEN-044,1,84.5
QwQ-32B,story_generation,GEN-044,3,83.2
QwQ-32B,story_generation,GEN-046,0,84.35
QwQ-32B,story_generation,GEN-046,1,90.975
QwQ-32B,story_generation,GEN-046,3,90.32499999999999
QwQ-32B,story_generation,GEN-047,0,86.025
QwQ-32B,story_generation,GEN-047,1,89.525
QwQ-32B,story_generation,GEN-047,3,87.35
QwQ-32B,story_generation,GEN-053,0,88.275
QwQ-32B,story_generation,GEN-053,1,88.675
QwQ-32B,story_generation,GEN-053,3,90.475
QwQ-32B,story_generation,GEN-063,0,88.925
QwQ-32B,story_generation,GEN-063,1,87.9
QwQ-32B,story_generation,GEN-063,3,89.32499999999999
QwQ-32B,story_generation,GEN-064,0,82.175
QwQ-32B,story_generation,GEN-064,1,84.75
QwQ-32B,story_generation,GEN-064,3,85.5
QwQ-32B,story_generation,GEN-066,0,86.35
QwQ-32B,story_generation,GEN-066,1,87.125
QwQ-32B,story_generation,GEN-066,3,88.025
QwQ-32B,story_generation,GEN-073,0,78.8
QwQ-32B,story_generation,GEN-073,1,75.0
QwQ-32B,story_generation,GEN-073,3,78.75
QwQ-32B,story_generation,GEN-080,0,88.9
QwQ-32B,story_generation,GEN-080,1,89.75
QwQ-32B,story_generation,GEN-080,3,90.775
QwQ-32B,story_generation,GEN-081,0,85.0
QwQ-32B,story_generation,GEN-081,1,87.55
QwQ-32B,story_generation,GEN-081,3,86.125
QwQ-32B,story_generation,GEN-084,0,88.65
QwQ-32B,story_generation,GEN-084,1,87.975
QwQ-32B,story_generation,GEN-084,3,87.575
QwQ-32B,story_generation,GEN-087,0,89.075
QwQ-32B,story_generation,GEN-087,1,83.475
QwQ-32B,story_generation,GEN-087,3,90.625
QwQ-32B,story_generation,GEN-093,0,85.75
QwQ-32B,story_generation,GEN-093,1,85.475
QwQ-32B,story_generation,GEN-093,3,89.55
QwQ-32B,story_generation,GEN-100,0,85.55000000000001
QwQ-32B,story_generation,GEN-100,1,87.375
QwQ-32B,story_generation,GEN-100,3,87.075
Qwen2.5-7B-Instruct,continuation,CON-002,0,62.125
Qwen2.5-7B-Instruct,continuation,CON-002,1,70.025
Qwen2.5-7B-Instruct,continuation,CON-002,3,80.025
Qwen2.5-7B-Instruct,continuation,CON-006,0,43.8
Qwen2.5-7B-Instruct,continuation,CON-006,1,68.125
Qwen2.5-7B-Instruct,continuation,CON-006,3,70.275
Qwen2.5-7B-Instruct,continuation,CON-007,0,43.5
Qwen2.5-7B-Instruct,continuation,CON-007,1,70.625
Qwen2.5-7B-Instruct,continuation,CON-007,3,76.75
Qwen2.5-7B-Instruct,continuation,CON-014,0,62.975
Qwen2.5-7B-Instruct,continuation,CON-014,1,68.375
Qwen2.5-7B-Instruct,continuation,CON-014,3,74.975
Qwen2.5-7B-Instruct,continuation,CON-019,0,47.75
Qwen2.5-7B-Instruct,continuation,CON-019,1,46.375
Qwen2.5-7B-Instruct,continuation,CON-019,3,77.7
Qwen2.5-7B-Instruct,continuation,CON-025,0,74.55
Qwen2.5-7B-Instruct,continuation,CON-025,1,80.32499999999999
Qwen2.5-7B-Instruct,continuation,CON-025,3,78.55000000000001
Qwen2.5-7B-Instruct,continuation,CON-027,0,55.375
Qwen2.5-7B-Instruct,continuation,CON-027,1,75.5
Qwen2.5-7B-Instruct,continuation,CON-027,3,78.725
Qwen2.5-7B-Instruct,continuation,CON-032,0,65.325
Qwen2.5-7B-Instruct,continuation,CON-032,1,71.925
Qwen2.5-7B-Instruct,continuation,CON-032,3,77.875
Qwen2.5-7B-Instruct,continuation,CON-036,0,41.5
Qwen2.5-7B-Instruct,continuation,CON-036,1,65.15
Qwen2.5-7B-Instruct,continuation,CON-036,3,76.125
Qwen2.5-7B-Instruct,continuation,CON-040,0,60.6
Qwen2.5-7B-Instruct,continuation,CON-040,1,74.025
Qwen2.5-7B-Instruct,continuation,CON-040,3,81.9
Qwen2.5-7B-Instruct,continuation,CON-044,0,56.5
Qwen2.5-7B-Instruct,continuation,CON-044,1,55.75
Qwen2.5-7B-Instruct,continuation,CON-044,3,66.65
Qwen2.5-7B-Instruct,continuation,CON-046,0,44.0
Qwen2.5-7B-Instruct,continuation,CON-046,1,65.0
Qwen2.5-7B-Instruct,continuation,CON-046,3,72.67500000000001
Qwen2.5-7B-Instruct,continuation,CON-047,0,48.4
Qwen2.5-7B-Instruct,continuation,CON-047,1,63.8
Qwen2.5-7B-Instruct,continuation,CON-047,3,79.8
Qwen2.5-7B-Instruct,continuation,CON-053,0,44.25
Qwen2.5-7B-Instruct,continuation,CON-053,1,70.4
Qwen2.5-7B-Instruct,continuation,CON-053,3,73.5
Qwen2.5-7B-Instruct,continuation,CON-063,0,53.625
Qwen2.5-7B-Instruct,continuation,CON-063,1,46.25
Qwen2.5-7B-Instruct,continuation,CON-063,3,51.15
Qwen2.5-7B-Instruct,continuation,CON-064,0,43.0
Qwen2.5-7B-Instruct,continuation,CON-064,1,62.45
Qwen2.5-7B-Instruct,continuation,CON-064,3,63.0
Qwen2.5-7B-Instruct,continuation,CON-066,0,41.425
Qwen2.5-7B-Instruct,continuation,CON-066,1,76.15
Qwen2.5-7B-Instruct,continuation,CON-066,3,81.94999999999999
Qwen2.5-7B-Instruct,continuation,CON-073,0,43.725
Qwen2.5-7B-Instruct,continuation,CON-073,1,52.25
Qwen2.5-7B-Instruct,continuation,CON-073,3,68.075
Qwen2.5-7B-Instruct,continuation,CON-080,0,50.125
Qwen2.5-7B-Instruct,continuation,CON-080,1,64.9
Qwen2.5-7B-Instruct,continuation,CON-080,3,68.325
Qwen2.5-7B-Instruct,continuation,CON-081,0,48.5
Qwen2.5-7B-Instruct,continuation,CON-081,1,66.025
Qwen2.5-7B-Instruct,continuation,CON-081,3,75.775
Qwen2.5-7B-Instruct,continuation,CON-084,0,72.725
Qwen2.5-7B-Instruct,continuation,CON-084,1,69.3
Qwen2.5-7B-Instruct,continuation,CON-084,3,83.575
Qwen2.5-7B-Instruct,continuation,CON-087,0,39.85
Qwen2.5-7B-Instruct,continuation,CON-087,1,66.925
Qwen2.5-7B-Instruct,continuation,CON-087,3,78.025
Qwen2.5-7B-Instruct,continuation,CON-093,0,40.875
Qwen2.5-7B-Instruct,continuation,CON-093,1,63.75
Qwen2.5-7B-Instruct,continuation,CON-093,3,66.5
Qwen2.5-7B-Instruct,continuation,CON-100,0,49.225
Qwen2.5-7B-Instruct,continuation,CON-100,1,44.875
Qwen2.5-7B-Instruct,continuation,CON-100,3,75.2
Qwen2.5-7B-Instruct,rewriting,REW-003,0,82.15
Qwen2.5-7B-Instruct,rewriting,REW-003,1,74.45
Qwen2.5-7B-Instruct,rewriting,REW-003,3,76.15
Qwen2.5-7B-Instruct,rewriting,REW-008,0,61.5
Qwen2.5-7B-Instruct,rewriting,REW-008,1,73.45
Qwen2.5-7B-Instruct,rewriting,REW-008,3,74.0
Qwen2.5-7B-Instruct,rewriting,REW-010,0,71.4
Qwen2.5-7B-Instruct,rewriting,REW-010,1,65.15
Qwen2.5-7B-Instruct,rewriting,REW-010,3,70.5
Qwen2.5-7B-Instruct,rewriting,REW-014,0,70.75
Qwen2.5-7B-Instruct,rewriting,REW-014,1,66.5
Qwen2.5-7B-Instruct,rewriting,REW-014,3,71.9
Qwen2.5-7B-Instruct,rewriting,REW-019,0,65.75
Qwen2.5-7B-Instruct,rewriting,REW-019,1,66.15
Qwen2.5-7B-Instruct,rewriting,REW-019,3,64.9
Qwen2.5-7B-Instruct,rewriting,REW-022,0,77.8
Qwen2.5-7B-Instruct,rewriting,REW-022,1,73.8
Qwen2.5-7B-Instruct,rewriting,REW-022,3,77.65
Qwen2.5-7B-Instruct,rewriting,REW-028,0,68.35
Qwen2.5-7B-Instruct,rewriting,REW-028,1,71.8
Qwen2.5-7B-Instruct,rewriting,REW-028,3,66.9
Qwen2.5-7B-Instruct,rewriting,REW-032,0,61.4
Qwen2.5-7B-Instruct,rewriting,REW-032,1,63.35
Qwen2.5-7B-Instruct,rewriting,REW-032,3,62.65
Qwen2.5-7B-Instruct,rewriting,REW-034,0,80.0
Qwen2.5-7B-Instruct,rewriting,REW-034,1,73.25
Qwen2.5-7B-Instruct,rewriting,REW-034,3,76.35
Qwen2.5-7B-Instruct,rewriting,REW-044,0,67.05
Qwen2.5-7B-Instruct,rewriting,REW-044,1,62.2
Qwen2.5-7B-Instruct,rewriting,REW-044,3,70.25
Qwen2.5-7B-Instruct,rewriting,REW-047,0,65.85
Qwen2.5-7B-Instruct,rewriting,REW-047,1,64.45
Qwen2.5-7B-Instruct,rewriting,REW-047,3,64.05
Qwen2.5-7B-Instruct,rewriting,REW-049,0,67.15
Qwen2.5-7B-Instruct,rewriting,REW-049,1,71.65
Qwen2.5-7B-Instruct,rewriting,REW-049,3,72.65
Qwen2.5-7B-Instruct,rewriting,REW-055,0,59.75
Qwen2.5-7B-Instruct,rewriting,REW-055,1,67.85
Qwen2.5-7B-Instruct,rewriting,REW-055,3,67.75
Qwen2.5-7B-Instruct,rewriting,REW-059,0,69.25
Qwen2.5-7B-Instruct,rewriting,REW-059,1,68.95
Qwen2.5-7B-Instruct,rewriting,REW-059,3,70.15
Qwen2.5-7B-Instruct,rewriting,REW-064,0,67.75
Qwen2.5-7B-Instruct,rewriting,REW-064,1,63.0
Qwen2.5-7B-Instruct,rewriting,REW-064,3,75.2
Qwen2.5-7B-Instruct,rewriting,REW-066,0,73.8
Qwen2.5-7B-Instruct,rewriting,REW-066,1,81.85
Qwen2.5-7B-Instruct,rewriting,REW-066,3,69.9
Qwen2.5-7B-Instruct,rewriting,REW-070,0,76.9
Qwen2.5-7B-Instruct,rewriting,REW-070,1,73.45
Qwen2.5-7B-Instruct,rewriting,REW-070,3,76.85
Qwen2.5-7B-Instruct,rewriting,REW-073,0,77.65
Qwen2.5-7B-Instruct,rewriting,REW-073,1,79.7
Qwen2.5-7B-Instruct,rewriting,REW-073,3,76.44999999999999
Qwen2.5-7B-Instruct,rewriting,REW-077,0,66.85
Qwen2.5-7B-Instruct,rewriting,REW-077,1,80.15
Qwen2.5-7B-Instruct,rewriting,REW-077,3,80.1
Qwen2.5-7B-Instruct,rewriting,REW-081,0,64.15
Qwen2.5-7B-Instruct,rewriting,REW-081,1,63.55
Qwen2.5-7B-Instruct,rewriting,REW-081,3,66.65
Qwen2.5-7B-Instruct,rewriting,REW-088,0,75.75
Qwen2.5-7B-Instruct,rewriting,REW-088,1,74.0
Qwen2.5-7B-Instruct,rewriting,REW-088,3,70.6
Qwen2.5-7B-Instruct,rewriting,REW-091,0,72.65
Qwen2.5-7B-Instruct,rewriting,REW-091,1,66.75
Qwen2.5-7B-Instruct,rewriting,REW-091,3,78.8
Qwen2.5-7B-Instruct,rewriting,REW-093,0,56.0
Qwen2.5-7B-Instruct,rewriting,REW-093,1,69.0
Qwen2.5-7B-Instruct,rewriting,REW-093,3,76.95
Qwen2.5-7B-Instruct,rewriting,REW-097,0,70.1
Qwen2.5-7B-Instruct,rewriting,REW-097,1,71.65
Qwen2.5-7B-Instruct,rewriting,REW-097,3,81.3
Qwen2.5-7B-Instruct,story_generation,GEN-002,0,72.75
Qwen2.5-7B-Instruct,story_generation,GEN-002,1,69.82499999999999
Qwen2.5-7B-Instruct,story_generation,GEN-002,3,70.94999999999999
Qwen2.5-7B-Instruct,story_generation,GEN-006,0,63.275000000000006
Qwen2.5-7B-Instruct,story_generation,GEN-006,1,64.5
Qwen2.5-7B-Instruct,story_generation,GEN-006,3,66.425
Qwen2.5-7B-Instruct,story_generation,GEN-007,0,76.725
Qwen2.5-7B-Instruct,story_generation,GEN-007,1,67.05
Qwen2.5-7B-Instruct,story_generation,GEN-007,3,71.6
Qwen2.5-7B-Instruct,story_generation,GEN-014,0,74.0
Qwen2.5-7B-Instruct,story_generation,GEN-014,1,71.0
Qwen2.5-7B-Instruct,story_generation,GEN-014,3,74.925
Qwen2.5-7B-Instruct,story_generation,GEN-019,0,70.44999999999999
Qwen2.5-7B-Instruct,story_generation,GEN-019,1,75.65
Qwen2.5-7B-Instruct,story_generation,GEN-019,3,76.44999999999999
Qwen2.5-7B-Instruct,story_generation,GEN-025,0,74.825
Qwen2.5-7B-Instruct,story_generation,GEN-025,1,73.5
Qwen2.5-7B-Instruct,story_generation,GEN-025,3,74.4
Qwen2.5-7B-Instruct,story_generation,GEN-027,0,64.5
Qwen2.5-7B-Instruct,story_generation,GEN-027,1,61.775
Qwen2.5-7B-Instruct,story_generation,GEN-027,3,64.15
Qwen2.5-7B-Instruct,story_generation,GEN-032,0,70.875
Qwen2.5-7B-Instruct,story_generation,GEN-032,1,78.025
Qwen2.5-7B-Instruct,story_generation,GEN-032,3,70.875
Qwen2.5-7B-Instruct,story_generation,GEN-036,0,59.75
Qwen2.5-7B-Instruct,story_generation,GEN-036,1,68.15
Qwen2.5-7B-Instruct,story_generation,GEN-036,3,72.025
Qwen2.5-7B-Instruct,story_generation,GEN-040,0,67.175
Qwen2.5-7B-Instruct,story_generation,GEN-040,1,70.55
Qwen2.5-7B-Instruct,story_generation,GEN-040,3,71.69999999999999
Qwen2.5-7B-Instruct,story_generation,GEN-044,0,48.375
Qwen2.5-7B-Instruct,story_generation,GEN-044,1,62.375
Qwen2.5-7B-Instruct,story_generation,GEN-044,3,59.575
Qwen2.5-7B-Instruct,story_generation,GEN-046,0,76.075
Qwen2.5-7B-Instruct,story_generation,GEN-046,1,74.7
Qwen2.5-7B-Instruct,story_generation,GEN-046,3,71.625
Qwen2.5-7B-Instruct,story_generation,GEN-047,0,79.225
Qwen2.5-7B-Instruct,story_generation,GEN-047,1,72.55
Qwen2.5-7B-Instruct,story_generation,GEN-047,3,56.35
Qwen2.5-7B-Instruct,story_generation,GEN-053,0,51.625
Qwen2.5-7B-Instruct,story_generation,GEN-053,1,79.69999999999999
Qwen2.5-7B-Instruct,story_generation,GEN-053,3,60.7
Qwen2.5-7B-Instruct,story_generation,GEN-063,0,60.225
Qwen2.5-7B-Instruct,story_generation,GEN-063,1,68.225
Qwen2.5-7B-Instruct,story_generation,GEN-063,3,71.375
Qwen2.5-7B-Instruct,story_generation,GEN-064,0,73.475
Qwen2.5-7B-Instruct,story_generation,GEN-064,1,69.525
Qwen2.5-7B-Instruct,story_generation,GEN-064,3,64.9
Qwen2.5-7B-Instruct,story_generation,GEN-066,0,74.25
Qwen2.5-7B-Instruct,story_generation,GEN-066,1,75.775
Qwen2.5-7B-Instruct,story_generation,GEN-066,3,74.4
Qwen2.5-7B-Instruct,story_generation,GEN-073,0,73.425
Qwen2.5-7B-Instruct,story_generation,GEN-073,1,69.725
Qwen2.5-7B-Instruct,story_generation,GEN-073,3,75.775
Qwen2.5-7B-Instruct,story_generation,GEN-080,0,62.849999999999994
Qwen2.5-7B-Instruct,story_generation,GEN-080,1,64.775
Qwen2.5-7B-Instruct,story_generation,GEN-080,3,75.625
Qwen2.5-7B-Instruct,story_generation,GEN-081,0,58.125
Qwen2.5-7B-Instruct,story_generation,GEN-081,1,73.55000000000001
Qwen2.5-7B-Instruct,story_generation,GEN-081,3,76.725
Qwen2.5-7B-Instruct,story_generation,GEN-084,0,67.975
Qwen2.5-7B-Instruct,story_generation,GEN-084,1,73.15
Qwen2.5-7B-Instruct,story_generation,GEN-084,3,75.55
Qwen2.5-7B-Instruct,story_generation,GEN-087,0,59.1
Qwen2.5-7B-Instruct,story_generation,GEN-087,1,66.475
Qwen2.5-7B-Instruct,story_generation,GEN-087,3,64.15
Qwen2.5-7B-Instruct,story_generation,GEN-093,0,68.975
Qwen2.5-7B-Instruct,story_generation,GEN-093,1,73.675
Qwen2.5-7B-Instruct,story_generation,GEN-093,3,60.65
Qwen2.5-7B-Instruct,story_generation,GEN-100,0,64.69999999999999
Qwen2.5-7B-Instruct,story_generation,GEN-100,1,71.85
Qwen2.5-7B-Instruct,story_generation,GEN-100,3,64.125
Qwen3-8B-NonThinking,continuation,CON-002,0,60.55
Qwen3-8B-NonThinking,continuation,CON-002,1,77.225
Qwen3-8B-NonThinking,continuation,CON-002,3,84.375
Qwen3-8B-NonThinking,continuation,CON-006,0,48.9
Qwen3-8B-NonThinking,continuation,CON-006,1,64.8
Qwen3-8B-NonThinking,continuation,CON-006,3,78.875
Qwen3-8B-NonThinking,continuation,CON-007,0,61.675
Qwen3-8B-NonThinking,continuation,CON-007,1,79.725
Qwen3-8B-NonThinking,continuation,CON-007,3,74.85
Qwen3-8B-NonThinking,continuation,CON-014,0,68.075
Qwen3-8B-NonThinking,continuation,CON-014,1,65.125
Qwen3-8B-NonThinking,continuation,CON-014,3,83.425
Qwen3-8B-NonThinking,continuation,CON-019,0,55.375
Qwen3-8B-NonThinking,continuation,CON-019,1,76.65
Qwen3-8B-NonThinking,continuation,CON-019,3,88.975
Qwen3-8B-NonThinking,continuation,CON-025,0,70.975
Qwen3-8B-NonThinking,continuation,CON-025,1,61.825
Qwen3-8B-NonThinking,continuation,CON-025,3,86.82499999999999
Qwen3-8B-NonThinking,continuation,CON-027,0,64.0
Qwen3-8B-NonThinking,continuation,CON-027,1,88.0
Qwen3-8B-NonThinking,continuation,CON-027,3,87.3
Qwen3-8B-NonThinking,continuation,CON-032,0,58.175
Qwen3-8B-NonThinking,continuation,CON-032,1,71.975
Qwen3-8B-NonThinking,continuation,CON-032,3,81.85
Qwen3-8B-NonThinking,continuation,CON-036,0,38.4
Qwen3-8B-NonThinking,continuation,CON-036,1,64.8
Qwen3-8B-NonThinking,continuation,CON-036,3,83.5
Qwen3-8B-NonThinking,continuation,CON-040,0,47.35
Qwen3-8B-NonThinking,continuation,CON-040,1,67.75
Qwen3-8B-NonThinking,continuation,CON-040,3,81.175
Qwen3-8B-NonThinking,continuation,CON-044,0,64.025
Qwen3-8B-NonThinking,continuation,CON-044,1,77.9
Qwen3-8B-NonThinking,continuation,CON-044,3,80.125
Qwen3-8B-NonThinking,continuation,CON-046,0,45.625
Qwen3-8B-NonThinking,continuation,CON-046,1,51.125
Qwen3-8B-NonThinking,continuation,CON-046,3,80.625
Qwen3-8B-NonThinking,continuation,CON-047,0,66.2
Qwen3-8B-NonThinking,continuation,CON-047,1,81.325
Qwen3-8B-NonThinking,continuation,CON-047,3,83.975
Qwen3-8B-NonThinking,continuation,CON-053,0,48.125
Qwen3-8B-NonThinking,continuation,CON-053,1,79.275
Qwen3-8B-NonThinking,continuation,CON-053,3,78.30000000000001
Qwen3-8B-NonThinking,continuation,CON-063,0,41.625
Qwen3-8B-NonThinking,continuation,CON-063,1,79.05000000000001
Qwen3-8B-NonThinking,continuation,CON-063,3,79.725
Qwen3-8B-NonThinking,continuation,CON-064,0,48.125
Qwen3-8B-NonThinking,continuation,CON-064,1,72.325
Qwen3-8B-NonThinking,continuation,CON-064,3,76.875
Qwen3-8B-NonThinking,continuation,CON-066,0,49.5
Qwen3-8B-NonThinking,continuation,CON-066,1,78.5
Qwen3-8B-NonThinking,continuation,CON-066,3,88.75
Qwen3-8B-NonThinking,continuation,CON-073,0,58.975
Qwen3-8B-NonThinking,continuation,CON-073,1,71.975
Qwen3-8B-NonThinking,continuation,CON-073,3,81.9
Qwen3-8B-NonThinking,continuation,CON-080,0,59.875
Qwen3-8B-NonThinking,continuation,CON-080,1,71.075
Qwen3-8B-NonThinking,continuation,CON-080,3,80.7
Qwen3-8B-NonThinking,continuation,CON-081,0,45.75
Qwen3-8B-NonThinking,continuation,CON-081,1,69.92500000000001
Qwen3-8B-NonThinking,continuation,CON-081,3,78.8
Qwen3-8B-NonThinking,continuation,CON-084,0,62.925
Qwen3-8B-NonThinking,continuation,CON-084,1,80.575
Qwen3-8B-NonThinking,continuation,CON-084,3,79.275
Qwen3-8B-NonThinking,continuation,CON-087,0,44.25
Qwen3-8B-NonThinking,continuation,CON-087,1,84.94999999999999
Qwen3-8B-NonThinking,continuation,CON-087,3,86.15
Qwen3-8B-NonThinking,continuation,CON-093,0,61.65
Qwen3-8B-NonThinking,continuation,CON-093,1,80.9
Qwen3-8B-NonThinking,continuation,CON-093,3,81.275
Qwen3-8B-NonThinking,continuation,CON-100,0,47.55
Qwen3-8B-NonThinking,continuation,CON-100,1,60.05
Qwen3-8B-NonThinking,continuation,CON-100,3,87.425
Qwen3-8B-NonThinking,rewriting,REW-003,0,77.9
Qwen3-8B-NonThinking,rewriting,REW-003,1,72.1
Qwen3-8B-NonThinking,rewriting,REW-003,3,70.5
Qwen3-8B-NonThinking,rewriting,REW-008,0,72.65
Qwen3-8B-NonThinking,rewriting,REW-008,1,80.2
Qwen3-8B-NonThinking,rewriting,REW-008,3,82.9
Qwen3-8B-NonThinking,rewriting,REW-010,0,69.55
Qwen3-8B-NonThinking,rewriting,REW-010,1,72.1
Qwen3-8B-NonThinking,rewriting,REW-010,3,71.55
Qwen3-8B-NonThinking,rewriting,REW-014,0,70.6
Qwen3-8B-NonThinking,rewriting,REW-014,1,72.7
Qwen3-8B-NonThinking,rewriting,REW-014,3,71.95
Qwen3-8B-NonThinking,rewriting,REW-019,0,66.1
Qwen3-8B-NonThinking,rewriting,REW-019,1,69.4
Qwen3-8B-NonThinking,rewriting,REW-019,3,75.05
Qwen3-8B-NonThinking,rewriting,REW-022,0,74.85
Qwen3-8B-NonThinking,rewriting,REW-022,1,78.05000000000001
Qwen3-8B-NonThinking,rewriting,REW-022,3,79.75
Qwen3-8B-NonThinking,rewriting,REW-028,0,72.2
Qwen3-8B-NonThinking,rewriting,REW-028,1,69.65
Qwen3-8B-NonThinking,rewriting,REW-028,3,65.4
Qwen3-8B-NonThinking,rewriting,REW-032,0,70.65
Qwen3-8B-NonThinking,rewriting,REW-032,1,73.65
Qwen3-8B-NonThinking,rewriting,REW-032,3,78.6
Qwen3-8B-NonThinking,rewriting,REW-034,0,70.85
Qwen3-8B-NonThinking,rewriting,REW-034,1,78.15
Qwen3-8B-NonThinking,rewriting,REW-034,3,73.5
Qwen3-8B-NonThinking,rewriting,REW-044,0,73.45
Qwen3-8B-NonThinking,rewriting,REW-044,1,69.65
Qwen3-8B-NonThinking,rewriting,REW-044,3,76.1
Qwen3-8B-NonThinking,rewriting,REW-047,0,68.65
Qwen3-8B-NonThinking,rewriting,REW-047,1,66.45
Qwen3-8B-NonThinking,rewriting,REW-047,3,72.65
Qwen3-8B-NonThinking,rewriting,REW-049,0,71.75
Qwen3-8B-NonThinking,rewriting,REW-049,1,76.05
Qwen3-8B-NonThinking,rewriting,REW-049,3,79.15
Qwen3-8B-NonThinking,rewriting,REW-055,0,69.1
Qwen3-8B-NonThinking,rewriting,REW-055,1,67.85
Qwen3-8B-NonThinking,rewriting,REW-055,3,66.25
Qwen3-8B-NonThinking,rewriting,REW-059,0,65.9
Qwen3-8B-NonThinking,rewriting,REW-059,1,75.45
Qwen3-8B-NonThinking,rewriting,REW-059,3,81.55000000000001
Qwen3-8B-NonThinking,rewriting,REW-064,0,70.1
Qwen3-8B-NonThinking,rewriting,REW-064,1,75.75
Qwen3-8B-NonThinking,rewriting,REW-064,3,69.7
Qwen3-8B-NonThinking,rewriting,REW-066,0,67.65
Qwen3-8B-NonThinking,rewriting,REW-066,1,84.0
Qwen3-8B-NonThinking,rewriting,REW-066,3,75.45
Qwen3-8B-NonThinking,rewriting,REW-070,0,71.1
Qwen3-8B-NonThinking,rewriting,REW-070,1,72.85
Qwen3-8B-NonThinking,rewriting,REW-070,3,74.85
Qwen3-8B-NonThinking,rewriting,REW-073,0,81.5
Qwen3-8B-NonThinking,rewriting,REW-073,1,80.6
Qwen3-8B-NonThinking,rewriting,REW-073,3,79.35
Qwen3-8B-NonThinking,rewriting,REW-077,0,74.05
Qwen3-8B-NonThinking,rewriting,REW-077,1,73.5
Qwen3-8B-NonThinking,rewriting,REW-077,3,65.4
Qwen3-8B-NonThinking,rewriting,REW-081,0,67.5
Qwen3-8B-NonThinking,rewriting,REW-081,1,65.65
Qwen3-8B-NonThinking,rewriting,REW-081,3,55.85
Qwen3-8B-NonThinking,rewriting,REW-088,0,60.75
Qwen3-8B-NonThinking,rewriting,REW-088,1,76.0
Qwen3-8B-NonThinking,rewriting,REW-088,3,71.6
Qwen3-8B-NonThinking,rewriting,REW-091,0,66.25
Qwen3-8B-NonThinking,rewriting,REW-091,1,79.15
Qwen3-8B-NonThinking,rewriting,REW-091,3,83.1
Qwen3-8B-NonThinking,rewriting,REW-093,0,60.8
Qwen3-8B-NonThinking,rewriting,REW-093,1,60.55
Qwen3-8B-NonThinking,rewriting,REW-093,3,69.1
Qwen3-8B-NonThinking,rewriting,REW-097,0,66.9
Qwen3-8B-NonThinking,rewriting,REW-097,1,76.7
Qwen3-8B-NonThinking,rewriting,REW-097,3,74.7
Qwen3-8B-NonThinking,story_generation,GEN-002,0,66.425
Qwen3-8B-NonThinking,story_generation,GEN-002,1,72.525
Qwen3-8B-NonThinking,story_generation,GEN-002,3,85.675
Qwen3-8B-NonThinking,story_generation,GEN-006,0,68.825
Qwen3-8B-NonThinking,story_generation,GEN-006,1,74.75
Qwen3-8B-NonThinking,story_generation,GEN-006,3,68.775
Qwen3-8B-NonThinking,story_generation,GEN-007,0,44.875
Qwen3-8B-NonThinking,story_generation,GEN-007,1,71.475
Qwen3-8B-NonThinking,story_generation,GEN-007,3,74.3
Qwen3-8B-NonThinking,story_generation,GEN-014,0,54.175
Qwen3-8B-NonThinking,story_generation,GEN-014,1,67.25
Qwen3-8B-NonThinking,story_generation,GEN-014,3,73.175
Qwen3-8B-NonThinking,story_generation,GEN-019,0,50.225
Qwen3-8B-NonThinking,story_generation,GEN-019,1,79.275
Qwen3-8B-NonThinking,story_generation,GEN-019,3,89.0
Qwen3-8B-NonThinking,story_generation,GEN-025,0,71.675
Qwen3-8B-NonThinking,story_generation,GEN-025,1,75.82499999999999
Qwen3-8B-NonThinking,story_generation,GEN-025,3,82.05000000000001
Qwen3-8B-NonThinking,story_generation,GEN-027,0,49.9
Qwen3-8B-NonThinking,story_generation,GEN-027,1,78.025
Qwen3-8B-NonThinking,story_generation,GEN-027,3,54.95
Qwen3-8B-NonThinking,story_generation,GEN-032,0,55.225
Qwen3-8B-NonThinking,story_generation,GEN-032,1,76.4
Qwen3-8B-NonThinking,story_generation,GEN-032,3,74.75
Qwen3-8B-NonThinking,story_generation,GEN-036,0,62.05
Qwen3-8B-NonThinking,story_generation,GEN-036,1,77.4
Qwen3-8B-NonThinking,story_generation,GEN-036,3,74.94999999999999
Qwen3-8B-NonThinking,story_generation,GEN-040,0,75.4
Qwen3-8B-NonThinking,story_generation,GEN-040,1,73.6
Qwen3-8B-NonThinking,story_generation,GEN-040,3,75.125
Qwen3-8B-NonThinking,story_generation,GEN-044,0,51.25
Qwen3-8B-NonThinking,story_generation,GEN-044,1,49.125
Qwen3-8B-NonThinking,story_generation,GEN-044,3,78.65
Qwen3-8B-NonThinking,story_generation,GEN-046,0,76.1
Qwen3-8B-NonThinking,story_generation,GEN-046,1,74.15
Qwen3-8B-NonThinking,story_generation,GEN-046,3,79.69999999999999
Qwen3-8B-NonThinking,story_generation,GEN-047,0,65.6
Qwen3-8B-NonThinking,story_generation,GEN-047,1,78.82499999999999
Qwen3-8B-NonThinking,story_generation,GEN-047,3,77.0
Qwen3-8B-NonThinking,story_generation,GEN-053,0,70.075
Qwen3-8B-NonThinking,story_generation,GEN-053,1,77.80000000000001
Qwen3-8B-NonThinking,story_generation,GEN-053,3,85.225
Qwen3-8B-NonThinking,story_generation,GEN-063,0,75.775
Qwen3-8B-NonThinking,story_generation,GEN-063,1,63.15
Qwen3-8B-NonThinking,story_generation,GEN-063,3,71.8
Qwen3-8B-NonThinking,story_generation,GEN-064,0,57.75
Qwen3-8B-NonThinking,story_generation,GEN-064,1,70.3
Qwen3-8B-NonThinking,story_generation,GEN-064,3,70.82499999999999
Qwen3-8B-NonThinking,story_generation,GEN-066,0,76.425
Qwen3-8B-NonThinking,story_generation,GEN-066,1,83.5
Qwen3-8B-NonThinking,story_generation,GEN-066,3,77.55000000000001
Qwen3-8B-NonThinking,story_generation,GEN-073,0,55.2
Qwen3-8B-NonThinking,story_generation,GEN-073,1,75.525
Qwen3-8B-NonThinking,story_generation,GEN-073,3,75.75
Qwen3-8B-NonThinking,story_generation,GEN-080,0,70.85
Qwen3-8B-NonThinking,story_generation,GEN-080,1,44.875
Qwen3-8B-NonThinking,story_generation,GEN-080,3,83.85
Qwen3-8B-NonThinking,story_generation,GEN-081,0,72.675
Qwen3-8B-NonThinking,story_generation,GEN-081,1,79.35
Qwen3-8B-NonThinking,story_generation,GEN-081,3,84.575
Qwen3-8B-NonThinking,story_generation,GEN-084,0,35.25
Qwen3-8B-NonThinking,story_generation,GEN-084,1,79.25
Qwen3-8B-NonThinking,story_generation,GEN-084,3,80.6
Qwen3-8B-NonThinking,story_generation,GEN-087,0,62.325
Qwen3-8B-NonThinking,story_generation,GEN-087,1,74.075
Qwen3-8B-NonThinking,story_generation,GEN-087,3,68.775
Qwen3-8B-NonThinking,story_generation,GEN-093,0,63.375
Qwen3-8B-NonThinking,story_generation,GEN-093,1,72.3
Qwen3-8B-NonThinking,story_generation,GEN-093,3,83.275
Qwen3-8B-NonThinking,story_generation,GEN-100,0,56.5
Qwen3-8B-NonThinking,story_generation,GEN-100,1,60.775
Qwen3-8B-NonThinking,story_generation,GEN-100,3,74.475
chatglm3-6b,continuation,CON-002,0,47.0
chatglm3-6b,continuation,CON-002,1,77.125
chatglm3-6b,continuation,CON-002,3,63.6
chatglm3-6b,continuation,CON-006,0,39.75
chatglm3-6b,continuation,CON-006,1,62.15
chatglm3-6b,continuation,CON-006,3,58.425
chatglm3-6b,continuation,CON-007,0,28.75
chatglm3-6b,continuation,CON-007,1,56.975
chatglm3-6b,continuation,CON-007,3,38.625
chatglm3-6b,continuation,CON-014,0,35.625
chatglm3-6b,continuation,CON-014,1,72.325
chatglm3-6b,continuation,CON-014,3,80.975
chatglm3-6b,continuation,CON-019,0,42.875
chatglm3-6b,continuation,CON-019,1,78.625
chatglm3-6b,continuation,CON-019,3,72.45
chatglm3-6b,continuation,CON-025,0,62.825
chatglm3-6b,continuation,CON-025,1,72.1
chatglm3-6b,continuation,CON-025,3,46.0
chatglm3-6b,continuation,CON-027,0,36.625
chatglm3-6b,continuation,CON-027,1,65.275
chatglm3-6b,continuation,CON-027,3,76.675
chatglm3-6b,continuation,CON-032,0,32.75
chatglm3-6b,continuation,CON-032,1,72.575
chatglm3-6b,continuation,CON-032,3,76.30000000000001
chatglm3-6b,continuation,CON-036,0,25.625
chatglm3-6b,continuation,CON-036,1,63.25
chatglm3-6b,continuation,CON-036,3,60.3
chatglm3-6b,continuation,CON-040,0,35.375
chatglm3-6b,continuation,CON-040,1,54.625
chatglm3-6b,continuation,CON-040,3,75.475
chatglm3-6b,continuation,CON-044,0,52.5
chatglm3-6b,continuation,CON-044,1,78.575
chatglm3-6b,continuation,CON-044,3,72.025
chatglm3-6b,continuation,CON-046,0,34.75
chatglm3-6b,continuation,CON-046,1,66.125
chatglm3-6b,continuation,CON-046,3,64.0
chatglm3-6b,continuation,CON-047,0,48.5
chatglm3-6b,continuation,CON-047,1,75.775
chatglm3-6b,continuation,CON-047,3,77.7
chatglm3-6b,continuation,CON-053,0,44.75
chatglm3-6b,continuation,CON-053,1,50.225
chatglm3-6b,continuation,CON-053,3,78.725
chatglm3-6b,continuation,CON-063,0,31.375
chatglm3-6b,continuation,CON-063,1,74.5
chatglm3-6b,continuation,CON-063,3,53.625
chatglm3-6b,continuation,CON-064,0,39.625
chatglm3-6b,continuation,CON-064,1,66.875
chatglm3-6b,continuation,CON-064,3,57.5
chatglm3-6b,continuation,CON-066,0,57.075
chatglm3-6b,continuation,CON-066,1,77.275
chatglm3-6b,continuation,CON-066,3,78.275
chatglm3-6b,continuation,CON-073,0,31.5
chatglm3-6b,continuation,CON-073,1,66.25
chatglm3-6b,continuation,CON-073,3,58.125
chatglm3-6b,continuation,CON-080,0,40.75
chatglm3-6b,continuation,CON-080,1,69.65
chatglm3-6b,continuation,CON-080,3,64.225
chatglm3-6b,continuation,CON-081,0,45.875
chatglm3-6b,continuation,CON-081,1,62.75
chatglm3-6b,continuation,CON-081,3,60.375
chatglm3-6b,continuation,CON-084,0,50.15
chatglm3-6b,continuation,CON-084,1,61.925
chatglm3-6b,continuation,CON-084,3,66.15
chatglm3-6b,continuation,CON-087,0,34.6
chatglm3-6b,continuation,CON-087,1,66.075
chatglm3-6b,continuation,CON-087,3,78.25
chatglm3-6b,continuation,CON-093,0,38.125
chatglm3-6b,continuation,CON-093,1,61.0
chatglm3-6b,continuation,CON-093,3,52.125
chatglm3-6b,continuation,CON-100,0,41.925
chatglm3-6b,continuation,CON-100,1,74.675
chatglm3-6b,continuation,CON-100,3,70.525
chatglm3-6b,rewriting,REW-003,0,59.25
chatglm3-6b,rewriting,REW-003,1,69.25
chatglm3-6b,rewriting,REW-003,3,66.55
chatglm3-6b,rewriting,REW-008,0,49.35
chatglm3-6b,rewriting,REW-008,1,49.15
chatglm3-6b,rewriting,REW-008,3,47.65
chatglm3-6b,rewriting,REW-010,0,46.0
chatglm3-6b,rewriting,REW-010,1,45.75
chatglm3-6b,rewriting,REW-010,3,33.9
chatglm3-6b,rewriting,REW-014,0,38.0
chatglm3-6b,rewriting,REW-014,1,48.75
chatglm3-6b,rewriting,REW-014,3,59.55
chatglm3-6b,rewriting,REW-019,0,40.5
chatglm3-6b,rewriting,REW-019,1,50.25
chatglm3-6b,rewriting,REW-019,3,58.15
chatglm3-6b,rewriting,REW-022,0,40.95
chatglm3-6b,rewriting,REW-022,1,49.1
chatglm3-6b,rewriting,REW-022,3,60.3
chatglm3-6b,rewriting,REW-028,0,61.0
chatglm3-6b,rewriting,REW-028,1,57.3
chatglm3-6b,rewriting,REW-028,3,51.6
chatglm3-6b,rewriting,REW-032,0,60.0
chatglm3-6b,rewriting,REW-032,1,34.5
chatglm3-6b,rewriting,REW-032,3,36.25
chatglm3-6b,rewriting,REW-034,0,60.05
chatglm3-6b,rewriting,REW-034,1,69.44999999999999
chatglm3-6b,rewriting,REW-034,3,34.75
chatglm3-6b,rewriting,REW-044,0,42.0
chatglm3-6b,rewriting,REW-044,1,48.2
chatglm3-6b,rewriting,REW-044,3,30.0
chatglm3-6b,rewriting,REW-047,0,29.0
chatglm3-6b,rewriting,REW-047,1,52.45
chatglm3-6b,rewriting,REW-047,3,49.5
chatglm3-6b,rewriting,REW-049,0,44.0
chatglm3-6b,rewriting,REW-049,1,52.55
chatglm3-6b,rewriting,REW-049,3,64.45
chatglm3-6b,rewriting,REW-055,0,52.9
chatglm3-6b,rewriting,REW-055,1,55.95
chatglm3-6b,rewriting,REW-055,3,46.5
chatglm3-6b,rewriting,REW-059,0,64.05
chatglm3-6b,rewriting,REW-059,1,62.7
chatglm3-6b,rewriting,REW-059,3,71.65
chatglm3-6b,rewriting,REW-064,0,64.2
chatglm3-6b,rewriting,REW-064,1,53.75
chatglm3-6b,rewriting,REW-064,3,51.4
chatglm3-6b,rewriting,REW-066,0,49.15
chatglm3-6b,rewriting,REW-066,1,65.5
chatglm3-6b,rewriting,REW-066,3,45.25
chatglm3-6b,rewriting,REW-070,0,52.7
chatglm3-6b,rewriting,REW-070,1,75.6
chatglm3-6b,rewriting,REW-070,3,75.0
chatglm3-6b,rewriting,REW-073,0,60.45
chatglm3-6b,rewriting,REW-073,1,46.75
chatglm3-6b,rewriting,REW-073,3,63.75
chatglm3-6b,rewriting,REW-077,0,57.5
chatglm3-6b,rewriting,REW-077,1,46.5
chatglm3-6b,rewriting,REW-077,3,53.2
chatglm3-6b,rewriting,REW-081,0,48.0
chatglm3-6b,rewriting,REW-081,1,45.25
chatglm3-6b,rewriting,REW-081,3,45.45
chatglm3-6b,rewriting,REW-088,0,59.1
chatglm3-6b,rewriting,REW-088,1,56.0
chatglm3-6b,rewriting,REW-088,3,60.25
chatglm3-6b,rewriting,REW-091,0,48.5
chatglm3-6b,rewriting,REW-091,1,55.25
chatglm3-6b,rewriting,REW-091,3,66.0
chatglm3-6b,rewriting,REW-093,0,36.75
chatglm3-6b,rewriting,REW-093,1,58.35
chatglm3-6b,rewriting,REW-093,3,69.6
chatglm3-6b,rewriting,REW-097,0,55.25
chatglm3-6b,rewriting,REW-097,1,60.95
chatglm3-6b,rewriting,REW-097,3,65.65
chatglm3-6b,story_generation,GEN-002,0,63.125
chatglm3-6b,story_generation,GEN-002,1,52.625
chatglm3-6b,story_generation,GEN-002,3,60.875
chatglm3-6b,story_generation,GEN-006,0,42.25
chatglm3-6b,story_generation,GEN-006,1,48.375
chatglm3-6b,story_generation,GEN-006,3,34.125
chatglm3-6b,story_generation,GEN-007,0,54.5
chatglm3-6b,story_generation,GEN-007,1,51.5
chatglm3-6b,story_generation,GEN-007,3,42.125
chatglm3-6b,story_generation,GEN-014,0,36.75
chatglm3-6b,story_generation,GEN-014,1,54.6
chatglm3-6b,story_generation,GEN-014,3,35.375
chatglm3-6b,story_generation,GEN-019,0,46.125
chatglm3-6b,story_generation,GEN-019,1,42.375
chatglm3-6b,story_generation,GEN-019,3,46.0
chatglm3-6b,story_generation,GEN-025,0,47.625
chatglm3-6b,story_generation,GEN-025,1,45.5
chatglm3-6b,story_generation,GEN-025,3,55.375
chatglm3-6b,story_generation,GEN-027,0,49.025
chatglm3-6b,story_generation,GEN-027,1,43.0
chatglm3-6b,story_generation,GEN-027,3,57.0
chatglm3-6b,story_generation,GEN-032,0,49.75
chatglm3-6b,story_generation,GEN-032,1,40.0
chatglm3-6b,story_generation,GEN-032,3,38.125
chatglm3-6b,story_generation,GEN-036,0,24.25
chatglm3-6b,story_generation,GEN-036,1,47.625
chatglm3-6b,story_generation,GEN-036,3,57.775
chatglm3-6b,story_generation,GEN-040,0,52.0
chatglm3-6b,story_generation,GEN-040,1,61.525000000000006
chatglm3-6b,story_generation,GEN-040,3,68.775
chatglm3-6b,story_generation,GEN-044,0,43.25
chatglm3-6b,story_generation,GEN-044,1,57.95
chatglm3-6b,story_generation,GEN-044,3,36.25
chatglm3-6b,story_generation,GEN-046,0,41.775
chatglm3-6b,story_generation,GEN-046,1,55.85
chatglm3-6b,story_generation,GEN-046,3,55.175
chatglm3-6b,story_generation,GEN-047,0,48.35
chatglm3-6b,story_generation,GEN-047,1,62.55
chatglm3-6b,story_generation,GEN-047,3,61.55
chatglm3-6b,story_generation,GEN-053,0,54.225
chatglm3-6b,story_generation,GEN-053,1,54.725
chatglm3-6b,story_generation,GEN-053,3,47.125
chatglm3-6b,story_generation,GEN-063,0,25.0
chatglm3-6b,story_generation,GEN-063,1,46.5
chatglm3-6b,story_generation,GEN-063,3,58.15
chatglm3-6b,story_generation,GEN-064,0,53.875
chatglm3-6b,story_generation,GEN-064,1,47.375
chatglm3-6b,story_generation,GEN-064,3,55.125
chatglm3-6b,story_generation,GEN-066,0,59.65
chatglm3-6b,story_generation,GEN-066,1,57.75
chatglm3-6b,story_generation,GEN-066,3,59.475
chatglm3-6b,story_generation,GEN-073,0,55.1
chatglm3-6b,story_generation,GEN-073,1,58.575
chatglm3-6b,story_generation,GEN-073,3,49.95
chatglm3-6b,story_generation,GEN-080,0,35.125
chatglm3-6b,story_generation,GEN-080,1,43.375
chatglm3-6b,story_generation,GEN-080,3,73.9
chatglm3-6b,story_generation,GEN-081,0,59.8
chatglm3-6b,story_generation,GEN-081,1,46.125
chatglm3-6b,story_generation,GEN-081,3,53.25
chatglm3-6b,story_generation,GEN-084,0,56.75
chatglm3-6b,story_generation,GEN-084,1,25.125
chatglm3-6b,story_generation,GEN-084,3,36.25
chatglm3-6b,story_generation,GEN-087,0,56.675
chatglm3-6b,story_generation,GEN-087,1,36.625
chatglm3-6b,story_generation,GEN-087,3,50.25
chatglm3-6b,story_generation,GEN-093,0,56.625
chatglm3-6b,story_generation,GEN-093,1,57.75
chatglm3-6b,story_generation,GEN-093,3,63.25
chatglm3-6b,story_generation,GEN-100,0,25.25
chatglm3-6b,story_generation,GEN-100,1,47.0
chatglm3-6b,story_generation,GEN-100,3,28.75
deepseek-llm-7b-chat,continuation,CON-002,0,55.225
deepseek-llm-7b-chat,continuation,CON-002,1,62.05
deepseek-llm-7b-chat,continuation,CON-002,3,70.675
deepseek-llm-7b-chat,continuation,CON-006,0,43.75
deepseek-llm-7b-chat,continuation,CON-006,1,66.975
deepseek-llm-7b-chat,continuation,CON-006,3,75.025
deepseek-llm-7b-chat,continuation,CON-007,0,49.725
deepseek-llm-7b-chat,continuation,CON-007,1,56.6
deepseek-llm-7b-chat,continuation,CON-007,3,72.525
deepseek-llm-7b-chat,continuation,CON-014,0,49.775
deepseek-llm-7b-chat,continuation,CON-014,1,58.7
deepseek-llm-7b-chat,continuation,CON-014,3,72.925
deepseek-llm-7b-chat,continuation,CON-019,0,54.625
deepseek-llm-7b-chat,continuation,CON-019,1,57.45
deepseek-llm-7b-chat,continuation,CON-019,3,74.275
deepseek-llm-7b-chat,continuation,CON-025,0,62.0
deepseek-llm-7b-chat,continuation,CON-025,1,68.55
deepseek-llm-7b-chat,continuation,CON-025,3,81.875
deepseek-llm-7b-chat,continuation,CON-027,0,53.375
deepseek-llm-7b-chat,continuation,CON-027,1,54.5
deepseek-llm-7b-chat,continuation,CON-027,3,83.225
deepseek-llm-7b-chat,continuation,CON-032,0,48.625
deepseek-llm-7b-chat,continuation,CON-032,1,64.05
deepseek-llm-7b-chat,continuation,CON-032,3,83.0
deepseek-llm-7b-chat,continuation,CON-036,0,35.4
deepseek-llm-7b-chat,continuation,CON-036,1,40.625
deepseek-llm-7b-chat,continuation,CON-036,3,70.4
deepseek-llm-7b-chat,continuation,CON-040,0,59.025
deepseek-llm-7b-chat,continuation,CON-040,1,65.225
deepseek-llm-7b-chat,continuation,CON-040,3,79.525
deepseek-llm-7b-chat,continuation,CON-044,0,50.375
deepseek-llm-7b-chat,continuation,CON-044,1,62.45
deepseek-llm-7b-chat,continuation,CON-044,3,71.675
deepseek-llm-7b-chat,continuation,CON-046,0,57.75
deepseek-llm-7b-chat,continuation,CON-046,1,57.15
deepseek-llm-7b-chat,continuation,CON-046,3,80.975
deepseek-llm-7b-chat,continuation,CON-047,0,50.75
deepseek-llm-7b-chat,continuation,CON-047,1,60.475
deepseek-llm-7b-chat,continuation,CON-047,3,78.525
deepseek-llm-7b-chat,continuation,CON-053,0,53.75
deepseek-llm-7b-chat,continuation,CON-053,1,46.425
deepseek-llm-7b-chat,continuation,CON-053,3,74.425
deepseek-llm-7b-chat,continuation,CON-063,0,26.8
deepseek-llm-7b-chat,continuation,CON-063,1,42.0
deepseek-llm-7b-chat,continuation,CON-063,3,48.1
deepseek-llm-7b-chat,continuation,CON-064,0,40.375
deepseek-llm-7b-chat,continuation,CON-064,1,71.125
deepseek-llm-7b-chat,continuation,CON-064,3,64.125
deepseek-llm-7b-chat,continuation,CON-066,0,46.625
deepseek-llm-7b-chat,continuation,CON-066,1,63.175
deepseek-llm-7b-chat,continuation,CON-066,3,81.975
deepseek-llm-7b-chat,continuation,CON-073,0,42.25
deepseek-llm-7b-chat,continuation,CON-073,1,56.675
deepseek-llm-7b-chat,continuation,CON-073,3,82.725
deepseek-llm-7b-chat,continuation,CON-080,0,56.025
deepseek-llm-7b-chat,continuation,CON-080,1,74.6
deepseek-llm-7b-chat,continuation,CON-080,3,75.75
deepseek-llm-7b-chat,continuation,CON-081,0,53.3
deepseek-llm-7b-chat,continuation,CON-081,1,56.95
deepseek-llm-7b-chat,continuation,CON-081,3,72.075
deepseek-llm-7b-chat,continuation,CON-084,0,54.375
deepseek-llm-7b-chat,continuation,CON-084,1,62.125
deepseek-llm-7b-chat,continuation,CON-084,3,80.625
deepseek-llm-7b-chat,continuation,CON-087,0,42.975
deepseek-llm-7b-chat,continuation,CON-087,1,70.675
deepseek-llm-7b-chat,continuation,CON-087,3,73.35
deepseek-llm-7b-chat,continuation,CON-093,0,41.0
deepseek-llm-7b-chat,continuation,CON-093,1,75.875
deepseek-llm-7b-chat,continuation,CON-093,3,80.625
deepseek-llm-7b-chat,continuation,CON-100,0,63.025
deepseek-llm-7b-chat,continuation,CON-100,1,59.225
deepseek-llm-7b-chat,continuation,CON-100,3,79.175
deepseek-llm-7b-chat,rewriting,REW-003,0,66.15
deepseek-llm-7b-chat,rewriting,REW-003,1,70.0
deepseek-llm-7b-chat,rewriting,REW-003,3,69.15
deepseek-llm-7b-chat,rewriting,REW-008,0,51.75
deepseek-llm-7b-chat,rewriting,REW-008,1,53.95
deepseek-llm-7b-chat,rewriting,REW-008,3,48.05
deepseek-llm-7b-chat,rewriting,REW-010,0,38.5
deepseek-llm-7b-chat,rewriting,REW-010,1,56.6
deepseek-llm-7b-chat,rewriting,REW-010,3,60.2
deepseek-llm-7b-chat,rewriting,REW-014,0,67.4
deepseek-llm-7b-chat,rewriting,REW-014,1,69.6
deepseek-llm-7b-chat,rewriting,REW-014,3,65.85
deepseek-llm-7b-chat,rewriting,REW-019,0,56.599999999999994
deepseek-llm-7b-chat,rewriting,REW-019,1,56.15
deepseek-llm-7b-chat,rewriting,REW-019,3,66.7
deepseek-llm-7b-chat,rewriting,REW-022,0,64.8
deepseek-llm-7b-chat,rewriting,REW-022,1,52.3
deepseek-llm-7b-chat,rewriting,REW-022,3,83.9
deepseek-llm-7b-chat,rewriting,REW-028,0,61.55
deepseek-llm-7b-chat,rewriting,REW-028,1,52.0
deepseek-llm-7b-chat,rewriting,REW-028,3,54.9
deepseek-llm-7b-chat,rewriting,REW-032,0,56.3
deepseek-llm-7b-chat,rewriting,REW-032,1,49.5
deepseek-llm-7b-chat,rewriting,REW-032,3,51.85
deepseek-llm-7b-chat,rewriting,REW-034,0,58.0
deepseek-llm-7b-chat,rewriting,REW-034,1,77.05
deepseek-llm-7b-chat,rewriting,REW-034,3,73.69999999999999
deepseek-llm-7b-chat,rewriting,REW-044,0,50.65
deepseek-llm-7b-chat,rewriting,REW-044,1,59.0
deepseek-llm-7b-chat,rewriting,REW-044,3,49.1
deepseek-llm-7b-chat,rewriting,REW-047,0,51.2
deepseek-llm-7b-chat,rewriting,REW-047,1,58.75
deepseek-llm-7b-chat,rewriting,REW-047,3,62.2
deepseek-llm-7b-chat,rewriting,REW-049,0,61.3
deepseek-llm-7b-chat,rewriting,REW-049,1,44.3
deepseek-llm-7b-chat,rewriting,REW-049,3,72.1
deepseek-llm-7b-chat,rewriting,REW-055,0,50.25
deepseek-llm-7b-chat,rewriting,REW-055,1,59.2
deepseek-llm-7b-chat,rewriting,REW-055,3,68.35
deepseek-llm-7b-chat,rewriting,REW-059,0,64.5
deepseek-llm-7b-chat,rewriting,REW-059,1,54.9
deepseek-llm-7b-chat,rewriting,REW-059,3,68.4
deepseek-llm-7b-chat,rewriting,REW-064,0,61.35
deepseek-llm-7b-chat,rewriting,REW-064,1,51.4
deepseek-llm-7b-chat,rewriting,REW-064,3,49.2
deepseek-llm-7b-chat,rewriting,REW-066,0,66.65
deepseek-llm-7b-chat,rewriting,REW-066,1,70.1
deepseek-llm-7b-chat,rewriting,REW-066,3,73.15
deepseek-llm-7b-chat,rewriting,REW-070,0,55.7
deepseek-llm-7b-chat,rewriting,REW-070,1,68.8
deepseek-llm-7b-chat,rewriting,REW-070,3,84.35
deepseek-llm-7b-chat,rewriting,REW-073,0,74.30000000000001
deepseek-llm-7b-chat,rewriting,REW-073,1,68.35
deepseek-llm-7b-chat,rewriting,REW-073,3,76.19999999999999
deepseek-llm-7b-chat,rewriting,REW-077,0,53.75
deepseek-llm-7b-chat,rewriting,REW-077,1,65.1
deepseek-llm-7b-chat,rewriting,REW-077,3,51.45
deepseek-llm-7b-chat,rewriting,REW-081,0,56.3
deepseek-llm-7b-chat,rewriting,REW-081,1,58.0
deepseek-llm-7b-chat,rewriting,REW-081,3,60.6
deepseek-llm-7b-chat,rewriting,REW-088,0,71.35
deepseek-llm-7b-chat,rewriting,REW-088,1,69.95
deepseek-llm-7b-chat,rewriting,REW-088,3,60.9
deepseek-llm-7b-chat,rewriting,REW-091,0,70.2
deepseek-llm-7b-chat,rewriting,REW-091,1,59.15
deepseek-llm-7b-chat,rewriting,REW-091,3,69.9
deepseek-llm-7b-chat,rewriting,REW-093,0,49.5
deepseek-llm-7b-chat,rewriting,REW-093,1,54.5
deepseek-llm-7b-chat,rewriting,REW-093,3,63.8
deepseek-llm-7b-chat,rewriting,REW-097,0,63.45
deepseek-llm-7b-chat,rewriting,REW-097,1,69.3
deepseek-llm-7b-chat,rewriting,REW-097,3,72.15
deepseek-llm-7b-chat,story_generation,GEN-002,0,61.675
deepseek-llm-7b-chat,story_generation,GEN-002,1,64.475
deepseek-llm-7b-chat,story_generation,GEN-002,3,65.725
deepseek-llm-7b-chat,story_generation,GEN-006,0,64.9
deepseek-llm-7b-chat,story_generation,GEN-006,1,62.3
deepseek-llm-7b-chat,story_generation,GEN-006,3,55.55
deepseek-llm-7b-chat,story_generation,GEN-007,0,59.9
deepseek-llm-7b-chat,story_generation,GEN-007,1,63.825
deepseek-llm-7b-chat,story_generation,GEN-007,3,73.4
deepseek-llm-7b-chat,story_generation,GEN-014,0,65.425
deepseek-llm-7b-chat,story_generation,GEN-014,1,58.25
deepseek-llm-7b-chat,story_generation,GEN-014,3,73.85
deepseek-llm-7b-chat,story_generation,GEN-019,0,73.625
deepseek-llm-7b-chat,story_generation,GEN-019,1,57.325
deepseek-llm-7b-chat,story_generation,GEN-019,3,75.94999999999999
deepseek-llm-7b-chat,story_generation,GEN-025,0,64.15
deepseek-llm-7b-chat,story_generation,GEN-025,1,67.275
deepseek-llm-7b-chat,story_generation,GEN-025,3,70.725
deepseek-llm-7b-chat,story_generation,GEN-027,0,50.0
deepseek-llm-7b-chat,story_generation,GEN-027,1,46.9
deepseek-llm-7b-chat,story_generation,GEN-027,3,51.5
deepseek-llm-7b-chat,story_generation,GEN-032,0,61.6
deepseek-llm-7b-chat,story_generation,GEN-032,1,60.75
deepseek-llm-7b-chat,story_generation,GEN-032,3,47.625
deepseek-llm-7b-chat,story_generation,GEN-036,0,49.875
deepseek-llm-7b-chat,story_generation,GEN-036,1,62.5
deepseek-llm-7b-chat,story_generation,GEN-036,3,56.75
deepseek-llm-7b-chat,story_generation,GEN-040,0,61.05
deepseek-llm-7b-chat,story_generation,GEN-040,1,60.5
deepseek-llm-7b-chat,story_generation,GEN-040,3,84.30000000000001
deepseek-llm-7b-chat,story_generation,GEN-044,0,62.575
deepseek-llm-7b-chat,story_generation,GEN-044,1,65.0
deepseek-llm-7b-chat,story_generation,GEN-044,3,65.025
deepseek-llm-7b-chat,story_generation,GEN-046,0,66.225
deepseek-llm-7b-chat,story_generation,GEN-046,1,64.05
deepseek-llm-7b-chat,story_generation,GEN-046,3,13.5
deepseek-llm-7b-chat,story_generation,GEN-047,0,66.375
deepseek-llm-7b-chat,story_generation,GEN-047,1,38.375
deepseek-llm-7b-chat,story_generation,GEN-047,3,63.575
deepseek-llm-7b-chat,story_generation,GEN-053,0,53.05
deepseek-llm-7b-chat,story_generation,GEN-053,1,73.17500000000001
deepseek-llm-7b-chat,story_generation,GEN-053,3,75.075
deepseek-llm-7b-chat,story_generation,GEN-063,0,64.15
deepseek-llm-7b-chat,story_generation,GEN-063,1,72.525
deepseek-llm-7b-chat,story_generation,GEN-063,3,65.2
deepseek-llm-7b-chat,story_generation,GEN-064,0,52.625
deepseek-llm-7b-chat,story_generation,GEN-064,1,69.775
deepseek-llm-7b-chat,story_generation,GEN-064,3,63.525
deepseek-llm-7b-chat,story_generation,GEN-066,0,63.05
deepseek-llm-7b-chat,story_generation,GEN-066,1,62.150000000000006
deepseek-llm-7b-chat,story_generation,GEN-066,3,75.225
deepseek-llm-7b-chat,story_generation,GEN-073,0,75.07499999999999
deepseek-llm-7b-chat,story_generation,GEN-073,1,52.0
deepseek-llm-7b-chat,story_generation,GEN-073,3,53.575
deepseek-llm-7b-chat,story_generation,GEN-080,0,56.875
deepseek-llm-7b-chat,story_generation,GEN-080,1,61.45
deepseek-llm-7b-chat,story_generation,GEN-080,3,58.15
deepseek-llm-7b-chat,story_generation,GEN-081,0,51.5
deepseek-llm-7b-chat,story_generation,GEN-081,1,60.225
deepseek-llm-7b-chat,story_generation,GEN-081,3,70.25
deepseek-llm-7b-chat,story_generation,GEN-084,0,62.775
deepseek-llm-7b-chat,story_generation,GEN-084,1,63.65
deepseek-llm-7b-chat,story_generation,GEN-084,3,71.475
deepseek-llm-7b-chat,story_generation,GEN-087,0,43.625
deepseek-llm-7b-chat,story_generation,GEN-087,1,62.2
deepseek-llm-7b-chat,story_generation,GEN-087,3,58.8
deepseek-llm-7b-chat,story_generation,GEN-093,0,69.4
deepseek-llm-7b-chat,story_generation,GEN-093,1,73.55
deepseek-llm-7b-chat,story_generation,GEN-093,3,75.65
deepseek-llm-7b-chat,story_generation,GEN-100,0,57.875
deepseek-llm-7b-chat,story_generation,GEN-100,1,48.875
deepseek-llm-7b-chat,story_generation,GEN-100,3,73.775
glm-4-9b-chat,continuation,CON-002,0,63.625
glm-4-9b-chat,continuation,CON-002,1,74.3
glm-4-9b-chat,continuation,CON-002,3,79.075
glm-4-9b-chat,continuation,CON-006,0,59.375
glm-4-9b-chat,continuation,CON-006,1,61.85
glm-4-9b-chat,continuation,CON-006,3,73.025
glm-4-9b-chat,continuation,CON-007,0,58.2
glm-4-9b-chat,continuation,CON-007,1,67.0
glm-4-9b-chat,continuation,CON-007,3,71.85
glm-4-9b-chat,continuation,CON-014,0,57.625
glm-4-9b-chat,continuation,CON-014,1,74.225
glm-4-9b-chat,continuation,CON-014,3,78.69999999999999
glm-4-9b-chat,continuation,CON-019,0,49.6
glm-4-9b-chat,continuation,CON-019,1,70.475
glm-4-9b-chat,continuation,CON-019,3,70.4
glm-4-9b-chat,continuation,CON-025,0,64.175
glm-4-9b-chat,continuation,CON-025,1,72.5
glm-4-9b-chat,continuation,CON-025,3,78.475
glm-4-9b-chat,continuation,CON-027,0,68.75
glm-4-9b-chat,continuation,CON-027,1,75.05
glm-4-9b-chat,continuation,CON-027,3,80.1
glm-4-9b-chat,continuation,CON-032,0,67.55
glm-4-9b-chat,continuation,CON-032,1,71.05
glm-4-9b-chat,continuation,CON-032,3,82.7
glm-4-9b-chat,continuation,CON-036,0,63.5
glm-4-9b-chat,continuation,CON-036,1,62.725
glm-4-9b-chat,continuation,CON-036,3,81.025
glm-4-9b-chat,continuation,CON-040,0,52.75
glm-4-9b-chat,continuation,CON-040,1,79.325
glm-4-9b-chat,continuation,CON-040,3,76.725
glm-4-9b-chat,continuation,CON-044,0,57.375
glm-4-9b-chat,continuation,CON-044,1,69.5
glm-4-9b-chat,continuation,CON-044,3,78.225
glm-4-9b-chat,continuation,CON-046,0,63.175
glm-4-9b-chat,continuation,CON-046,1,56.675
glm-4-9b-chat,continuation,CON-046,3,78.15
glm-4-9b-chat,continuation,CON-047,0,63.9
glm-4-9b-chat,continuation,CON-047,1,73.75
glm-4-9b-chat,continuation,CON-047,3,73.525
glm-4-9b-chat,continuation,CON-053,0,57.65
glm-4-9b-chat,continuation,CON-053,1,70.475
glm-4-9b-chat,continuation,CON-053,3,73.725
glm-4-9b-chat,continuation,CON-063,0,68.275
glm-4-9b-chat,continuation,CON-063,1,72.85
glm-4-9b-chat,continuation,CON-063,3,75.475
glm-4-9b-chat,continuation,CON-064,0,54.5
glm-4-9b-chat,continuation,CON-064,1,60.85
glm-4-9b-chat,continuation,CON-064,3,76.275
glm-4-9b-chat,continuation,CON-066,0,74.275
glm-4-9b-chat,continuation,CON-066,1,77.1
glm-4-9b-chat,continuation,CON-066,3,77.825
glm-4-9b-chat,continuation,CON-073,0,59.35
glm-4-9b-chat,continuation,CON-073,1,54.125
glm-4-9b-chat,continuation,CON-073,3,71.0
glm-4-9b-chat,continuation,CON-080,0,68.1
glm-4-9b-chat,continuation,CON-080,1,68.45
glm-4-9b-chat,continuation,CON-080,3,77.275
glm-4-9b-chat,continuation,CON-081,0,69.225
glm-4-9b-chat,continuation,CON-081,1,68.45
glm-4-9b-chat,continuation,CON-081,3,71.425
glm-4-9b-chat,continuation,CON-084,0,68.75
glm-4-9b-chat,continuation,CON-084,1,67.35
glm-4-9b-chat,continuation,CON-084,3,82.175
glm-4-9b-chat,continuation,CON-087,0,50.75
glm-4-9b-chat,continuation,CON-087,1,78.525
glm-4-9b-chat,continuation,CON-087,3,78.67500000000001
glm-4-9b-chat,continuation,CON-093,0,61.9
glm-4-9b-chat,continuation,CON-093,1,77.15
glm-4-9b-chat,continuation,CON-093,3,78.975
glm-4-9b-chat,continuation,CON-100,0,60.025
glm-4-9b-chat,continuation,CON-100,1,71.42500000000001
glm-4-9b-chat,continuation,CON-100,3,68.025
glm-4-9b-chat,rewriting,REW-003,0,78.5
glm-4-9b-chat,rewriting,REW-003,1,70.95
glm-4-9b-chat,rewriting,REW-003,3,81.35
glm-4-9b-chat,rewriting,REW-008,0,68.2
glm-4-9b-chat,rewriting,REW-008,1,76.2
glm-4-9b-chat,rewriting,REW-008,3,70.95
glm-4-9b-chat,rewriting,REW-010,0,55.3
glm-4-9b-chat,rewriting,REW-010,1,66.95
glm-4-9b-chat,rewriting,REW-010,3,53.15
glm-4-9b-chat,rewriting,REW-014,0,67.85
glm-4-9b-chat,rewriting,REW-014,1,70.6
glm-4-9b-chat,rewriting,REW-014,3,65.85
glm-4-9b-chat,rewriting,REW-019,0,60.05
glm-4-9b-chat,rewriting,REW-019,1,69.7
glm-4-9b-chat,rewriting,REW-019,3,65.95
glm-4-9b-chat,rewriting,REW-022,0,67.15
glm-4-9b-chat,rewriting,REW-022,1,71.75
glm-4-9b-chat,rewriting,REW-022,3,70.85
glm-4-9b-chat,rewriting,REW-028,0,63.7
glm-4-9b-chat,rewriting,REW-028,1,72.75
glm-4-9b-chat,rewriting,REW-028,3,69.1
glm-4-9b-chat,rewriting,REW-032,0,64.25
glm-4-9b-chat,rewriting,REW-032,1,65.1
glm-4-9b-chat,rewriting,REW-032,3,68.95
glm-4-9b-chat,rewriting,REW-034,0,49.3
glm-4-9b-chat,rewriting,REW-034,1,56.9
glm-4-9b-chat,rewriting,REW-034,3,65.65
glm-4-9b-chat,rewriting,REW-044,0,68.8
glm-4-9b-chat,rewriting,REW-044,1,65.1
glm-4-9b-chat,rewriting,REW-044,3,67.95
glm-4-9b-chat,rewriting,REW-047,0,52.55
glm-4-9b-chat,rewriting,REW-047,1,60.9
glm-4-9b-chat,rewriting,REW-047,3,62.25
glm-4-9b-chat,rewriting,REW-049,0,67.1
glm-4-9b-chat,rewriting,REW-049,1,70.15
glm-4-9b-chat,rewriting,REW-049,3,72.95
glm-4-9b-chat,rewriting,REW-055,0,54.5
glm-4-9b-chat,rewriting,REW-055,1,63.3
glm-4-9b-chat,rewriting,REW-055,3,69.55
glm-4-9b-chat,rewriting,REW-059,0,59.55
glm-4-9b-chat,rewriting,REW-059,1,72.95
glm-4-9b-chat,rewriting,REW-059,3,76.15
glm-4-9b-chat,rewriting,REW-064,0,67.95
glm-4-9b-chat,rewriting,REW-064,1,72.15
glm-4-9b-chat,rewriting,REW-064,3,74.0
glm-4-9b-chat,rewriting,REW-066,0,71.9
glm-4-9b-chat,rewriting,REW-066,1,79.85
glm-4-9b-chat,rewriting,REW-066,3,75.65
glm-4-9b-chat,rewriting,REW-070,0,83.69999999999999
glm-4-9b-chat,rewriting,REW-070,1,66.35
glm-4-9b-chat,rewriting,REW-070,3,76.55000000000001
glm-4-9b-chat,rewriting,REW-073,0,62.0
glm-4-9b-chat,rewriting,REW-073,1,55.75
glm-4-9b-chat,rewriting,REW-073,3,78.35
glm-4-9b-chat,rewriting,REW-077,0,62.4
glm-4-9b-chat,rewriting,REW-077,1,70.05000000000001
glm-4-9b-chat,rewriting,REW-077,3,75.35
glm-4-9b-chat,rewriting,REW-081,0,55.85
glm-4-9b-chat,rewriting,REW-081,1,72.9
glm-4-9b-chat,rewriting,REW-081,3,64.15
glm-4-9b-chat,rewriting,REW-088,0,72.2
glm-4-9b-chat,rewriting,REW-088,1,79.75
glm-4-9b-chat,rewriting,REW-088,3,77.9
glm-4-9b-chat,rewriting,REW-091,0,56.0
glm-4-9b-chat,rewriting,REW-091,1,72.95
glm-4-9b-chat,rewriting,REW-091,3,67.65
glm-4-9b-chat,rewriting,REW-093,0,58.0
glm-4-9b-chat,rewriting,REW-093,1,51.75
glm-4-9b-chat,rewriting,REW-093,3,64.45
glm-4-9b-chat,rewriting,REW-097,0,70.6
glm-4-9b-chat,rewriting,REW-097,1,78.2
glm-4-9b-chat,rewriting,REW-097,3,70.85
glm-4-9b-chat,story_generation,GEN-002,0,58.775
glm-4-9b-chat,story_generation,GEN-002,1,61.35
glm-4-9b-chat,story_generation,GEN-002,3,51.25
glm-4-9b-chat,story_generation,GEN-006,0,54.75
glm-4-9b-chat,story_generation,GEN-006,1,61.15
glm-4-9b-chat,story_generation,GEN-006,3,63.9
glm-4-9b-chat,story_generation,GEN-007,0,55.625
glm-4-9b-chat,story_generation,GEN-007,1,58.875
glm-4-9b-chat,story_generation,GEN-007,3,61.05
glm-4-9b-chat,story_generation,GEN-014,0,63.575
glm-4-9b-chat,story_generation,GEN-014,1,57.025
glm-4-9b-chat,story_generation,GEN-014,3,69.025
glm-4-9b-chat,story_generation,GEN-019,0,62.075
glm-4-9b-chat,story_generation,GEN-019,1,61.150000000000006
glm-4-9b-chat,story_generation,GEN-019,3,64.425
glm-4-9b-chat,story_generation,GEN-025,0,51.525
glm-4-9b-chat,story_generation,GEN-025,1,55.625
glm-4-9b-chat,story_generation,GEN-025,3,69.525
glm-4-9b-chat,story_generation,GEN-027,0,53.625
glm-4-9b-chat,story_generation,GEN-027,1,57.825
glm-4-9b-chat,story_generation,GEN-027,3,58.275
glm-4-9b-chat,story_generation,GEN-032,0,58.65
glm-4-9b-chat,story_generation,GEN-032,1,57.425
glm-4-9b-chat,story_generation,GEN-032,3,61.05
glm-4-9b-chat,story_generation,GEN-036,0,50.525
glm-4-9b-chat,story_generation,GEN-036,1,52.95
glm-4-9b-chat,story_generation,GEN-036,3,68.675
glm-4-9b-chat,story_generation,GEN-040,0,55.375
glm-4-9b-chat,story_generation,GEN-040,1,69.15
glm-4-9b-chat,story_generation,GEN-040,3,64.8
glm-4-9b-chat,story_generation,GEN-044,0,62.475
glm-4-9b-chat,story_generation,GEN-044,1,63.9
glm-4-9b-chat,story_generation,GEN-044,3,66.9
glm-4-9b-chat,story_generation,GEN-046,0,67.1
glm-4-9b-chat,story_generation,GEN-046,1,65.8
glm-4-9b-chat,story_generation,GEN-046,3,60.525
glm-4-9b-chat,story_generation,GEN-047,0,63.325
glm-4-9b-chat,story_generation,GEN-047,1,52.125
glm-4-9b-chat,story_generation,GEN-047,3,52.625
glm-4-9b-chat,story_generation,GEN-053,0,62.85
glm-4-9b-chat,story_generation,GEN-053,1,53.25
glm-4-9b-chat,story_generation,GEN-053,3,71.7
glm-4-9b-chat,story_generation,GEN-063,0,67.85
glm-4-9b-chat,story_generation,GEN-063,1,66.85
glm-4-9b-chat,story_generation,GEN-063,3,59.6
glm-4-9b-chat,story_generation,GEN-064,0,66.9
glm-4-9b-chat,story_generation,GEN-064,1,60.25
glm-4-9b-chat,story_generation,GEN-064,3,65.3
glm-4-9b-chat,story_generation,GEN-066,0,67.625
glm-4-9b-chat,story_generation,GEN-066,1,61.075
glm-4-9b-chat,story_generation,GEN-066,3,59.625
glm-4-9b-chat,story_generation,GEN-073,0,58.6
glm-4-9b-chat,story_generation,GEN-073,1,58.1
glm-4-9b-chat,story_generation,GEN-073,3,52.6
glm-4-9b-chat,story_generation,GEN-080,0,60.35
glm-4-9b-chat,story_generation,GEN-080,1,61.55
glm-4-9b-chat,story_generation,GEN-080,3,63.375
glm-4-9b-chat,story_generation,GEN-081,0,60.75
glm-4-9b-chat,story_generation,GEN-081,1,62.625
glm-4-9b-chat,story_generation,GEN-081,3,63.25
glm-4-9b-chat,story_generation,GEN-084,0,59.375
glm-4-9b-chat,story_generation,GEN-084,1,62.025
glm-4-9b-chat,story_generation,GEN-084,3,64.4
glm-4-9b-chat,story_generation,GEN-087,0,65.15
glm-4-9b-chat,story_generation,GEN-087,1,68.975
glm-4-9b-chat,story_generation,GEN-087,3,64.175
glm-4-9b-chat,story_generation,GEN-093,0,57.375
glm-4-9b-chat,story_generation,GEN-093,1,62.6
glm-4-9b-chat,story_generation,GEN-093,3,74.1
glm-4-9b-chat,story_generation,GEN-100,0,55.625
glm-4-9b-chat,story_generation,GEN-100,1,59.35
glm-4-9b-chat,story_generation,GEN-100,3,59.975
internlm2_5-7b-chat,continuation,CON-002,0,67.025
internlm2_5-7b-chat,continuation,CON-002,1,74.775
internlm2_5-7b-chat,continuation,CON-002,3,84.5
internlm2_5-7b-chat,continuation,CON-006,0,56.05
internlm2_5-7b-chat,continuation,CON-006,1,68.475
internlm2_5-7b-chat,continuation,CON-006,3,77.2
internlm2_5-7b-chat,continuation,CON-007,0,52.625
internlm2_5-7b-chat,continuation,CON-007,1,76.8
internlm2_5-7b-chat,continuation,CON-007,3,78.125
internlm2_5-7b-chat,continuation,CON-014,0,51.35
internlm2_5-7b-chat,continuation,CON-014,1,78.175
internlm2_5-7b-chat,continuation,CON-014,3,83.425
internlm2_5-7b-chat,continuation,CON-019,0,52.3
internlm2_5-7b-chat,continuation,CON-019,1,72.05
internlm2_5-7b-chat,continuation,CON-019,3,79.35
internlm2_5-7b-chat,continuation,CON-025,0,61.9
internlm2_5-7b-chat,continuation,CON-025,1,79.9
internlm2_5-7b-chat,continuation,CON-025,3,74.625
internlm2_5-7b-chat,continuation,CON-027,0,44.35
internlm2_5-7b-chat,continuation,CON-027,1,70.2
internlm2_5-7b-chat,continuation,CON-027,3,67.95
internlm2_5-7b-chat,continuation,CON-032,0,54.875
internlm2_5-7b-chat,continuation,CON-032,1,74.775
internlm2_5-7b-chat,continuation,CON-032,3,83.1
internlm2_5-7b-chat,continuation,CON-036,0,44.525
internlm2_5-7b-chat,continuation,CON-036,1,77.275
internlm2_5-7b-chat,continuation,CON-036,3,77.125
internlm2_5-7b-chat,continuation,CON-040,0,55.725
internlm2_5-7b-chat,continuation,CON-040,1,75.375
internlm2_5-7b-chat,continuation,CON-040,3,69.125
internlm2_5-7b-chat,continuation,CON-044,0,56.8
internlm2_5-7b-chat,continuation,CON-044,1,69.7
internlm2_5-7b-chat,continuation,CON-044,3,60.4
internlm2_5-7b-chat,continuation,CON-046,0,46.525
internlm2_5-7b-chat,continuation,CON-046,1,56.125
internlm2_5-7b-chat,continuation,CON-046,3,76.44999999999999
internlm2_5-7b-chat,continuation,CON-047,0,56.95
internlm2_5-7b-chat,continuation,CON-047,1,70.875
internlm2_5-7b-chat,continuation,CON-047,3,80.25
internlm2_5-7b-chat,continuation,CON-053,0,45.75
internlm2_5-7b-chat,continuation,CON-053,1,77.25
internlm2_5-7b-chat,continuation,CON-053,3,77.475
internlm2_5-7b-chat,continuation,CON-063,0,52.375
internlm2_5-7b-chat,continuation,CON-063,1,63.0
internlm2_5-7b-chat,continuation,CON-063,3,37.625
internlm2_5-7b-chat,continuation,CON-064,0,59.725
internlm2_5-7b-chat,continuation,CON-064,1,61.2
internlm2_5-7b-chat,continuation,CON-064,3,70.6
internlm2_5-7b-chat,continuation,CON-066,0,51.05
internlm2_5-7b-chat,continuation,CON-066,1,70.125
internlm2_5-7b-chat,continuation,CON-066,3,79.9
internlm2_5-7b-chat,continuation,CON-073,0,43.4
internlm2_5-7b-chat,continuation,CON-073,1,77.275
internlm2_5-7b-chat,continuation,CON-073,3,75.95
internlm2_5-7b-chat,continuation,CON-080,0,57.025
internlm2_5-7b-chat,continuation,CON-080,1,56.2
internlm2_5-7b-chat,continuation,CON-080,3,70.675
internlm2_5-7b-chat,continuation,CON-081,0,56.35
internlm2_5-7b-chat,continuation,CON-081,1,78.25
internlm2_5-7b-chat,continuation,CON-081,3,82.85
internlm2_5-7b-chat,continuation,CON-084,0,57.75
internlm2_5-7b-chat,continuation,CON-084,1,67.975
internlm2_5-7b-chat,continuation,CON-084,3,80.55
internlm2_5-7b-chat,continuation,CON-087,0,47.125
internlm2_5-7b-chat,continuation,CON-087,1,74.42500000000001
internlm2_5-7b-chat,continuation,CON-087,3,82.35
internlm2_5-7b-chat,continuation,CON-093,0,48.25
internlm2_5-7b-chat,continuation,CON-093,1,72.95
internlm2_5-7b-chat,continuation,CON-093,3,72.1
internlm2_5-7b-chat,continuation,CON-100,0,59.625
internlm2_5-7b-chat,continuation,CON-100,1,72.125
internlm2_5-7b-chat,continuation,CON-100,3,72.82499999999999
internlm2_5-7b-chat,rewriting,REW-003,0,65.05
internlm2_5-7b-chat,rewriting,REW-003,1,68.15
internlm2_5-7b-chat,rewriting,REW-003,3,70.8
internlm2_5-7b-chat,rewriting,REW-008,0,70.85
internlm2_5-7b-chat,rewriting,REW-008,1,73.75
internlm2_5-7b-chat,rewriting,REW-008,3,67.4
internlm2_5-7b-chat,rewriting,REW-010,0,62.05
internlm2_5-7b-chat,rewriting,REW-010,1,52.5
internlm2_5-7b-chat,rewriting,REW-010,3,55.75
internlm2_5-7b-chat,rewriting,REW-014,0,67.1
internlm2_5-7b-chat,rewriting,REW-014,1,67.65
internlm2_5-7b-chat,rewriting,REW-014,3,74.9
internlm2_5-7b-chat,rewriting,REW-019,0,55.4
internlm2_5-7b-chat,rewriting,REW-019,1,64.85
internlm2_5-7b-chat,rewriting,REW-019,3,50.05
internlm2_5-7b-chat,rewriting,REW-022,0,67.9
internlm2_5-7b-chat,rewriting,REW-022,1,70.75
internlm2_5-7b-chat,rewriting,REW-022,3,72.1
internlm2_5-7b-chat,rewriting,REW-028,0,71.05
internlm2_5-7b-chat,rewriting,REW-028,1,70.95
internlm2_5-7b-chat,rewriting,REW-028,3,74.2
internlm2_5-7b-chat,rewriting,REW-032,0,60.0
internlm2_5-7b-chat,rewriting,REW-032,1,51.2
internlm2_5-7b-chat,rewriting,REW-032,3,58.05
internlm2_5-7b-chat,rewriting,REW-034,0,73.2
internlm2_5-7b-chat,rewriting,REW-034,1,73.95
internlm2_5-7b-chat,rewriting,REW-034,3,75.0
internlm2_5-7b-chat,rewriting,REW-044,0,74.55
internlm2_5-7b-chat,rewriting,REW-044,1,62.0
internlm2_5-7b-chat,rewriting,REW-044,3,58.5
internlm2_5-7b-chat,rewriting,REW-047,0,43.5
internlm2_5-7b-chat,rewriting,REW-047,1,57.05
internlm2_5-7b-chat,rewriting,REW-047,3,67.95
internlm2_5-7b-chat,rewriting,REW-049,0,62.2
internlm2_5-7b-chat,rewriting,REW-049,1,75.15
internlm2_5-7b-chat,rewriting,REW-049,3,69.1
internlm2_5-7b-chat,rewriting,REW-055,0,53.35
internlm2_5-7b-chat,rewriting,REW-055,1,66.45
internlm2_5-7b-chat,rewriting,REW-055,3,56.75
internlm2_5-7b-chat,rewriting,REW-059,0,59.2
internlm2_5-7b-chat,rewriting,REW-059,1,68.85
internlm2_5-7b-chat,rewriting,REW-059,3,77.6
internlm2_5-7b-chat,rewriting,REW-064,0,75.9
internlm2_5-7b-chat,rewriting,REW-064,1,68.3
internlm2_5-7b-chat,rewriting,REW-064,3,65.6
internlm2_5-7b-chat,rewriting,REW-066,0,68.85
internlm2_5-7b-chat,rewriting,REW-066,1,65.55
internlm2_5-7b-chat,rewriting,REW-066,3,65.95
internlm2_5-7b-chat,rewriting,REW-070,0,68.55
internlm2_5-7b-chat,rewriting,REW-070,1,70.35
internlm2_5-7b-chat,rewriting,REW-070,3,82.25
internlm2_5-7b-chat,rewriting,REW-073,0,65.2
internlm2_5-7b-chat,rewriting,REW-073,1,60.75
internlm2_5-7b-chat,rewriting,REW-073,3,64.2
internlm2_5-7b-chat,rewriting,REW-077,0,73.94999999999999
internlm2_5-7b-chat,rewriting,REW-077,1,70.95
internlm2_5-7b-chat,rewriting,REW-077,3,72.15
internlm2_5-7b-chat,rewriting,REW-081,0,63.75
internlm2_5-7b-chat,rewriting,REW-081,1,62.05
internlm2_5-7b-chat,rewriting,REW-081,3,74.65
internlm2_5-7b-chat,rewriting,REW-088,0,68.0
internlm2_5-7b-chat,rewriting,REW-088,1,66.8
internlm2_5-7b-chat,rewriting,REW-088,3,54.05
internlm2_5-7b-chat,rewriting,REW-091,0,51.75
internlm2_5-7b-chat,rewriting,REW-091,1,59.15
internlm2_5-7b-chat,rewriting,REW-091,3,80.05
internlm2_5-7b-chat,rewriting,REW-093,0,66.65
internlm2_5-7b-chat,rewriting,REW-093,1,51.25
internlm2_5-7b-chat,rewriting,REW-093,3,68.05
internlm2_5-7b-chat,rewriting,REW-097,0,70.3
internlm2_5-7b-chat,rewriting,REW-097,1,72.45
internlm2_5-7b-chat,rewriting,REW-097,3,72.85
internlm2_5-7b-chat,story_generation,GEN-002,0,74.4
internlm2_5-7b-chat,story_generation,GEN-002,1,69.80000000000001
internlm2_5-7b-chat,story_generation,GEN-002,3,63.35
internlm2_5-7b-chat,story_generation,GEN-006,0,67.525
internlm2_5-7b-chat,story_generation,GEN-006,1,53.2
internlm2_5-7b-chat,story_generation,GEN-006,3,74.5
internlm2_5-7b-chat,story_generation,GEN-007,0,59.7
internlm2_5-7b-chat,story_generation,GEN-007,1,67.85
internlm2_5-7b-chat,story_generation,GEN-007,3,66.525
internlm2_5-7b-chat,story_generation,GEN-014,0,63.0
internlm2_5-7b-chat,story_generation,GEN-014,1,60.975
internlm2_5-7b-chat,story_generation,GEN-014,3,67.075
internlm2_5-7b-chat,story_generation,GEN-019,0,74.025
internlm2_5-7b-chat,story_generation,GEN-019,1,64.0
internlm2_5-7b-chat,story_generation,GEN-019,3,48.575
internlm2_5-7b-chat,story_generation,GEN-025,0,70.725
internlm2_5-7b-chat,story_generation,GEN-025,1,57.4
internlm2_5-7b-chat,story_generation,GEN-025,3,60.825
internlm2_5-7b-chat,story_generation,GEN-027,0,52.625
internlm2_5-7b-chat,story_generation,GEN-027,1,47.625
internlm2_5-7b-chat,story_generation,GEN-027,3,57.275
internlm2_5-7b-chat,story_generation,GEN-032,0,63.625
internlm2_5-7b-chat,story_generation,GEN-032,1,64.4
internlm2_5-7b-chat,story_generation,GEN-032,3,25.25
internlm2_5-7b-chat,story_generation,GEN-036,0,56.474999999999994
internlm2_5-7b-chat,story_generation,GEN-036,1,43.375
internlm2_5-7b-chat,story_generation,GEN-036,3,63.5
internlm2_5-7b-chat,story_generation,GEN-040,0,63.95
internlm2_5-7b-chat,story_generation,GEN-040,1,58.3
internlm2_5-7b-chat,story_generation,GEN-040,3,61.425000000000004
internlm2_5-7b-chat,story_generation,GEN-044,0,73.2
internlm2_5-7b-chat,story_generation,GEN-044,1,63.25
internlm2_5-7b-chat,story_generation,GEN-044,3,47.125
internlm2_5-7b-chat,story_generation,GEN-046,0,70.65
internlm2_5-7b-chat,story_generation,GEN-046,1,63.35
internlm2_5-7b-chat,story_generation,GEN-046,3,52.425
internlm2_5-7b-chat,story_generation,GEN-047,0,66.9
internlm2_5-7b-chat,story_generation,GEN-047,1,58.1
internlm2_5-7b-chat,story_generation,GEN-047,3,52.125
internlm2_5-7b-chat,story_generation,GEN-053,0,72.475
internlm2_5-7b-chat,story_generation,GEN-053,1,55.9
internlm2_5-7b-chat,story_generation,GEN-053,3,61.5
internlm2_5-7b-chat,story_generation,GEN-063,0,65.32499999999999
internlm2_5-7b-chat,story_generation,GEN-063,1,57.9
internlm2_5-7b-chat,story_generation,GEN-063,3,48.875
internlm2_5-7b-chat,story_generation,GEN-064,0,71.775
internlm2_5-7b-chat,story_generation,GEN-064,1,68.975
internlm2_5-7b-chat,story_generation,GEN-064,3,64.8
internlm2_5-7b-chat,story_generation,GEN-066,0,61.625
internlm2_5-7b-chat,story_generation,GEN-066,1,58.2
internlm2_5-7b-chat,story_generation,GEN-066,3,73.925
internlm2_5-7b-chat,story_generation,GEN-073,0,73.275
internlm2_5-7b-chat,story_generation,GEN-073,1,39.5
internlm2_5-7b-chat,story_generation,GEN-073,3,27.875
internlm2_5-7b-chat,story_generation,GEN-080,0,71.94999999999999
internlm2_5-7b-chat,story_generation,GEN-080,1,73.75
internlm2_5-7b-chat,story_generation,GEN-080,3,64.65
internlm2_5-7b-chat,story_generation,GEN-081,0,65.2
internlm2_5-7b-chat,story_generation,GEN-081,1,61.225
internlm2_5-7b-chat,story_generation,GEN-081,3,46.0
internlm2_5-7b-chat,story_generation,GEN-084,0,59.05
internlm2_5-7b-chat,story_generation,GEN-084,1,58.575
internlm2_5-7b-chat,story_generation,GEN-084,3,70.5
internlm2_5-7b-chat,story_generation,GEN-087,0,68.625
internlm2_5-7b-chat,story_generation,GEN-087,1,70.0
internlm2_5-7b-chat,story_generation,GEN-087,3,69.05
internlm2_5-7b-chat,story_generation,GEN-093,0,70.975
internlm2_5-7b-chat,story_generation,GEN-093,1,70.275
internlm2_5-7b-chat,story_generation,GEN-093,3,73.95
internlm2_5-7b-chat,story_generation,GEN-100,0,58.2
internlm2_5-7b-chat,story_generation,GEN-100,1,59.2
internlm2_5-7b-chat,story_generation,GEN-100,3,45.375
